Shelves_name,Types_of_size_id,Code_box,Name,Barcode,Location,Status_id
Shelf A,1,0101A010101,0101A010101,0101A010101,Shelf A,10
Shelf A,1,0101A010102,0101A010102,0101A010102,Shelf A,10
Shelf A,1,0101A010103,0101A010103,0101A010103,Shelf A,10
Shelf A,1,0101A010201,0101A010201,0101A010201,Shelf A,10
Shelf A,1,0101A010202,0101A010202,0101A010202,Shelf A,10
Shelf A,1,0101A010203,0101A010203,0101A010203,Shelf A,10
Shelf A,1,0101A020101,0101A020101,0101A020101,Shelf A,10
Shelf A,1,0101A020102,0101A020102,0101A020102,Shelf A,10
Shelf A,1,0101A020103,0101A020103,0101A020103,Shelf A,10
Shelf A,1,0101A020201,0101A020201,0101A020201,Shelf A,10
Shelf A,1,0101A020202,0101A020202,0101A020202,Shelf A,10
Shelf A,1,0101A020203,0101A020203,0101A020203,Shelf A,10
Shelf A,1,0101A030101,0101A030101,0101A030101,Shelf A,10
Shelf A,1,0101A030102,0101A030102,0101A030102,Shelf A,10
Shelf A,1,0101A030103,0101A030103,0101A030103,Shelf A,10
Shelf A,1,0101A030201,0101A030201,0101A030201,Shelf A,10
Shelf A,1,0101A030202,0101A030202,0101A030202,Shelf A,10
Shelf A,1,0101A030203,0101A030203,0101A030203,Shelf A,10
Shelf A,1,0101A040101,0101A040101,0101A040101,Shelf A,10
Shelf A,1,0101A040102,0101A040102,0101A040102,Shelf A,10
Shelf A,1,0101A040103,0101A040103,0101A040103,Shelf A,10
Shelf A,1,0101A040201,0101A040201,0101A040201,Shelf A,10
Shelf A,1,0101A040202,0101A040202,0101A040202,Shelf A,10
Shelf A,1,0101A040203,0101A040203,0101A040203,Shelf A,10
Shelf A,1,0101A050101,0101A050101,0101A050101,Shelf A,10
Shelf A,1,0101A050102,0101A050102,0101A050102,Shelf A,10
Shelf A,1,0101A050103,0101A050103,0101A050103,Shelf A,10
Shelf A,1,0101A050201,0101A050201,0101A050201,Shelf A,10
Shelf A,1,0101A050202,0101A050202,0101A050202,Shelf A,10
Shelf A,1,0101A050203,0101A050203,0101A050203,Shelf A,10
Shelf A,1,0101A060101,0101A060101,0101A060101,Shelf A,10
Shelf A,1,0101A060102,0101A060102,0101A060102,Shelf A,10
Shelf A,1,0101A060103,0101A060103,0101A060103,Shelf A,10
Shelf A,1,0101A060201,0101A060201,0101A060201,Shelf A,10
Shelf A,1,0101A060202,0101A060202,0101A060202,Shelf A,10
Shelf A,1,0101A060203,0101A060203,0101A060203,Shelf A,10
Shelf A,1,0101A070101,0101A070101,0101A070101,Shelf A,10
Shelf A,1,0101A070102,0101A070102,0101A070102,Shelf A,10
Shelf A,1,0101A070103,0101A070103,0101A070103,Shelf A,10
Shelf A,1,0101A070201,0101A070201,0101A070201,Shelf A,10
Shelf A,1,0101A070202,0101A070202,0101A070202,Shelf A,10
Shelf A,1,0101A070203,0101A070203,0101A070203,Shelf A,10
Shelf A,1,0101A080101,0101A080101,0101A080101,Shelf A,10
Shelf A,1,0101A080102,0101A080102,0101A080102,Shelf A,10
Shelf A,1,0101A080103,0101A080103,0101A080103,Shelf A,10
Shelf A,1,0101A080201,0101A080201,0101A080201,Shelf A,10
Shelf A,1,0101A080202,0101A080202,0101A080202,Shelf A,10
Shelf A,1,0101A080203,0101A080203,0101A080203,Shelf A,10
Shelf B,1,0101B010101,0101B010101,0101B010101,Shelf B,10
Shelf B,1,0101B010102,0101B010102,0101B010102,Shelf B,10
Shelf B,1,0101B010103,0101B010103,0101B010103,Shelf B,10
Shelf B,1,0101B010201,0101B010201,0101B010201,Shelf B,10
Shelf B,1,0101B010202,0101B010202,0101B010202,Shelf B,10
Shelf B,1,0101B010203,0101B010203,0101B010203,Shelf B,10
Shelf B,1,0101B020101,0101B020101,0101B020101,Shelf B,10
Shelf B,1,0101B020102,0101B020102,0101B020102,Shelf B,10
Shelf B,1,0101B020103,0101B020103,0101B020103,Shelf B,10
Shelf B,1,0101B020201,0101B020201,0101B020201,Shelf B,10
Shelf B,1,0101B020202,0101B020202,0101B020202,Shelf B,10
Shelf B,1,0101B020203,0101B020203,0101B020203,Shelf B,10
Shelf B,1,0101B030101,0101B030101,0101B030101,Shelf B,10
Shelf B,1,0101B030102,0101B030102,0101B030102,Shelf B,10
Shelf B,1,0101B030103,0101B030103,0101B030103,Shelf B,10
Shelf B,1,0101B030201,0101B030201,0101B030201,Shelf B,10
Shelf B,1,0101B030202,0101B030202,0101B030202,Shelf B,10
Shelf B,1,0101B030203,0101B030203,0101B030203,Shelf B,10
Shelf B,1,0101B040101,0101B040101,0101B040101,Shelf B,10
Shelf B,1,0101B040102,0101B040102,0101B040102,Shelf B,10
Shelf B,1,0101B040103,0101B040103,0101B040103,Shelf B,10
Shelf B,1,0101B040201,0101B040201,0101B040201,Shelf B,10
Shelf B,1,0101B040202,0101B040202,0101B040202,Shelf B,10
Shelf B,1,0101B040203,0101B040203,0101B040203,Shelf B,10
Shelf B,1,0101B050101,0101B050101,0101B050101,Shelf B,10
Shelf B,1,0101B050102,0101B050102,0101B050102,Shelf B,10
Shelf B,1,0101B050103,0101B050103,0101B050103,Shelf B,10
Shelf B,1,0101B050201,0101B050201,0101B050201,Shelf B,10
Shelf B,1,0101B050202,0101B050202,0101B050202,Shelf B,10
Shelf B,1,0101B050203,0101B050203,0101B050203,Shelf B,10
Shelf B,1,0101B060101,0101B060101,0101B060101,Shelf B,10
Shelf B,1,0101B060102,0101B060102,0101B060102,Shelf B,10
Shelf B,1,0101B060103,0101B060103,0101B060103,Shelf B,10
Shelf B,1,0101B060201,0101B060201,0101B060201,Shelf B,10
Shelf B,1,0101B060202,0101B060202,0101B060202,Shelf B,10
Shelf B,1,0101B060203,0101B060203,0101B060203,Shelf B,10
Shelf B,1,0101B070101,0101B070101,0101B070101,Shelf B,10
Shelf B,1,0101B070102,0101B070102,0101B070102,Shelf B,10
Shelf B,1,0101B070103,0101B070103,0101B070103,Shelf B,10
Shelf B,1,0101B070201,0101B070201,0101B070201,Shelf B,10
Shelf B,1,0101B070202,0101B070202,0101B070202,Shelf B,10
Shelf B,1,0101B070203,0101B070203,0101B070203,Shelf B,10
Shelf B,1,0101B080101,0101B080101,0101B080101,Shelf B,10
Shelf B,1,0101B080102,0101B080102,0101B080102,Shelf B,10
Shelf B,1,0101B080103,0101B080103,0101B080103,Shelf B,10
Shelf B,1,0101B080201,0101B080201,0101B080201,Shelf B,10
Shelf B,1,0101B080202,0101B080202,0101B080202,Shelf B,10
Shelf B,1,0101B080203,0101B080203,0101B080203,Shelf B,10
Shelf C,1,0101C010101,0101C010101,0101C010101,Shelf C,10
Shelf C,1,0101C010102,0101C010102,0101C010102,Shelf C,10
Shelf C,1,0101C010103,0101C010103,0101C010103,Shelf C,10
Shelf C,1,0101C010201,0101C010201,0101C010201,Shelf C,10
Shelf C,1,0101C010202,0101C010202,0101C010202,Shelf C,10
Shelf C,1,0101C010203,0101C010203,0101C010203,Shelf C,10
Shelf C,1,0101C020101,0101C020101,0101C020101,Shelf C,10
Shelf C,1,0101C020102,0101C020102,0101C020102,Shelf C,10
Shelf C,1,0101C020103,0101C020103,0101C020103,Shelf C,10
Shelf C,1,0101C020201,0101C020201,0101C020201,Shelf C,10
Shelf C,1,0101C020202,0101C020202,0101C020202,Shelf C,10
Shelf C,1,0101C020203,0101C020203,0101C020203,Shelf C,10
Shelf C,1,0101C030101,0101C030101,0101C030101,Shelf C,10
Shelf C,1,0101C030102,0101C030102,0101C030102,Shelf C,10
Shelf C,1,0101C030103,0101C030103,0101C030103,Shelf C,10
Shelf C,1,0101C030201,0101C030201,0101C030201,Shelf C,10
Shelf C,1,0101C030202,0101C030202,0101C030202,Shelf C,10
Shelf C,1,0101C030203,0101C030203,0101C030203,Shelf C,10
Shelf C,1,0101C040101,0101C040101,0101C040101,Shelf C,10
Shelf C,1,0101C040102,0101C040102,0101C040102,Shelf C,10
Shelf C,1,0101C040103,0101C040103,0101C040103,Shelf C,10
Shelf C,1,0101C040201,0101C040201,0101C040201,Shelf C,10
Shelf C,1,0101C040202,0101C040202,0101C040202,Shelf C,10
Shelf C,1,0101C040203,0101C040203,0101C040203,Shelf C,10
Shelf C,1,0101C050101,0101C050101,0101C050101,Shelf C,10
Shelf C,1,0101C050102,0101C050102,0101C050102,Shelf C,10
Shelf C,1,0101C050103,0101C050103,0101C050103,Shelf C,10
Shelf C,1,0101C050201,0101C050201,0101C050201,Shelf C,10
Shelf C,1,0101C050202,0101C050202,0101C050202,Shelf C,10
Shelf C,1,0101C050203,0101C050203,0101C050203,Shelf C,10
Shelf C,1,0101C060101,0101C060101,0101C060101,Shelf C,10
Shelf C,1,0101C060102,0101C060102,0101C060102,Shelf C,10
Shelf C,1,0101C060103,0101C060103,0101C060103,Shelf C,10
Shelf C,1,0101C060201,0101C060201,0101C060201,Shelf C,10
Shelf C,1,0101C060202,0101C060202,0101C060202,Shelf C,10
Shelf C,1,0101C060203,0101C060203,0101C060203,Shelf C,10
Shelf C,1,0101C070101,0101C070101,0101C070101,Shelf C,10
Shelf C,1,0101C070102,0101C070102,0101C070102,Shelf C,10
Shelf C,1,0101C070103,0101C070103,0101C070103,Shelf C,10
Shelf C,1,0101C070201,0101C070201,0101C070201,Shelf C,10
Shelf C,1,0101C070202,0101C070202,0101C070202,Shelf C,10
Shelf C,1,0101C070203,0101C070203,0101C070203,Shelf C,10
Shelf C,1,0101C080101,0101C080101,0101C080101,Shelf C,10
Shelf C,1,0101C080102,0101C080102,0101C080102,Shelf C,10
Shelf C,1,0101C080103,0101C080103,0101C080103,Shelf C,10
Shelf C,1,0101C080201,0101C080201,0101C080201,Shelf C,10
Shelf C,1,0101C080202,0101C080202,0101C080202,Shelf C,10
Shelf C,1,0101C080203,0101C080203,0101C080203,Shelf C,10
Shelf D,1,0101D010101,0101D010101,0101D010101,Shelf D,10
Shelf D,1,0101D010102,0101D010102,0101D010102,Shelf D,10
Shelf D,1,0101D010103,0101D010103,0101D010103,Shelf D,10
Shelf D,1,0101D010201,0101D010201,0101D010201,Shelf D,10
Shelf D,1,0101D010202,0101D010202,0101D010202,Shelf D,10
Shelf D,1,0101D010203,0101D010203,0101D010203,Shelf D,10
Shelf D,1,0101D020101,0101D020101,0101D020101,Shelf D,10
Shelf D,1,0101D020102,0101D020102,0101D020102,Shelf D,10
Shelf D,1,0101D020103,0101D020103,0101D020103,Shelf D,10
Shelf D,1,0101D020201,0101D020201,0101D020201,Shelf D,10
Shelf D,1,0101D020202,0101D020202,0101D020202,Shelf D,10
Shelf D,1,0101D020203,0101D020203,0101D020203,Shelf D,10
Shelf D,1,0101D030101,0101D030101,0101D030101,Shelf D,10
Shelf D,1,0101D030102,0101D030102,0101D030102,Shelf D,10
Shelf D,1,0101D030103,0101D030103,0101D030103,Shelf D,10
Shelf D,1,0101D030201,0101D030201,0101D030201,Shelf D,10
Shelf D,1,0101D030202,0101D030202,0101D030202,Shelf D,10
Shelf D,1,0101D030203,0101D030203,0101D030203,Shelf D,10
Shelf D,1,0101D040101,0101D040101,0101D040101,Shelf D,10
Shelf D,1,0101D040102,0101D040102,0101D040102,Shelf D,10
Shelf D,1,0101D040103,0101D040103,0101D040103,Shelf D,10
Shelf D,1,0101D040201,0101D040201,0101D040201,Shelf D,10
Shelf D,1,0101D040202,0101D040202,0101D040202,Shelf D,10
Shelf D,1,0101D040203,0101D040203,0101D040203,Shelf D,10
Shelf D,1,0101D050101,0101D050101,0101D050101,Shelf D,10
Shelf D,1,0101D050102,0101D050102,0101D050102,Shelf D,10
Shelf D,1,0101D050103,0101D050103,0101D050103,Shelf D,10
Shelf D,1,0101D050201,0101D050201,0101D050201,Shelf D,10
Shelf D,1,0101D050202,0101D050202,0101D050202,Shelf D,10
Shelf D,1,0101D050203,0101D050203,0101D050203,Shelf D,10
Shelf D,1,0101D060101,0101D060101,0101D060101,Shelf D,10
Shelf D,1,0101D060102,0101D060102,0101D060102,Shelf D,10
Shelf D,1,0101D060103,0101D060103,0101D060103,Shelf D,10
Shelf D,1,0101D060201,0101D060201,0101D060201,Shelf D,10
Shelf D,1,0101D060202,0101D060202,0101D060202,Shelf D,10
Shelf D,1,0101D060203,0101D060203,0101D060203,Shelf D,10
Shelf D,1,0101D070101,0101D070101,0101D070101,Shelf D,10
Shelf D,1,0101D070102,0101D070102,0101D070102,Shelf D,10
Shelf D,1,0101D070103,0101D070103,0101D070103,Shelf D,10
Shelf D,1,0101D070201,0101D070201,0101D070201,Shelf D,10
Shelf D,1,0101D070202,0101D070202,0101D070202,Shelf D,10
Shelf D,1,0101D070203,0101D070203,0101D070203,Shelf D,10
Shelf D,1,0101D080101,0101D080101,0101D080101,Shelf D,10
Shelf D,1,0101D080102,0101D080102,0101D080102,Shelf D,10
Shelf D,1,0101D080103,0101D080103,0101D080103,Shelf D,10
Shelf D,1,0101D080201,0101D080201,0101D080201,Shelf D,10
Shelf D,1,0101D080202,0101D080202,0101D080202,Shelf D,10
Shelf D,1,0101D080203,0101D080203,0101D080203,Shelf D,10
Shelf E,1,0101E010101,0101E010101,0101E010101,Shelf E,10
Shelf E,1,0101E010102,0101E010102,0101E010102,Shelf E,10
Shelf E,1,0101E010103,0101E010103,0101E010103,Shelf E,10
Shelf E,1,0101E010201,0101E010201,0101E010201,Shelf E,10
Shelf E,1,0101E010202,0101E010202,0101E010202,Shelf E,10
Shelf E,1,0101E010203,0101E010203,0101E010203,Shelf E,10
Shelf E,1,0101E020101,0101E020101,0101E020101,Shelf E,10
Shelf E,1,0101E020102,0101E020102,0101E020102,Shelf E,10
Shelf E,1,0101E020103,0101E020103,0101E020103,Shelf E,10
Shelf E,1,0101E020201,0101E020201,0101E020201,Shelf E,10
Shelf E,1,0101E020202,0101E020202,0101E020202,Shelf E,10
Shelf E,1,0101E020203,0101E020203,0101E020203,Shelf E,10
Shelf E,1,0101E030101,0101E030101,0101E030101,Shelf E,10
Shelf E,1,0101E030102,0101E030102,0101E030102,Shelf E,10
Shelf E,1,0101E030103,0101E030103,0101E030103,Shelf E,10
Shelf E,1,0101E030201,0101E030201,0101E030201,Shelf E,10
Shelf E,1,0101E030202,0101E030202,0101E030202,Shelf E,10
Shelf E,1,0101E030203,0101E030203,0101E030203,Shelf E,10
Shelf E,1,0101E040101,0101E040101,0101E040101,Shelf E,10
Shelf E,1,0101E040102,0101E040102,0101E040102,Shelf E,10
Shelf E,1,0101E040103,0101E040103,0101E040103,Shelf E,10
Shelf E,1,0101E040201,0101E040201,0101E040201,Shelf E,10
Shelf E,1,0101E040202,0101E040202,0101E040202,Shelf E,10
Shelf E,1,0101E040203,0101E040203,0101E040203,Shelf E,10
Shelf E,1,0101E050101,0101E050101,0101E050101,Shelf E,10
Shelf E,1,0101E050102,0101E050102,0101E050102,Shelf E,10
Shelf E,1,0101E050103,0101E050103,0101E050103,Shelf E,10
Shelf E,1,0101E050201,0101E050201,0101E050201,Shelf E,10
Shelf E,1,0101E050202,0101E050202,0101E050202,Shelf E,10
Shelf E,1,0101E050203,0101E050203,0101E050203,Shelf E,10
Shelf E,1,0101E060101,0101E060101,0101E060101,Shelf E,10
Shelf E,1,0101E060102,0101E060102,0101E060102,Shelf E,10
Shelf E,1,0101E060103,0101E060103,0101E060103,Shelf E,10
Shelf E,1,0101E060201,0101E060201,0101E060201,Shelf E,10
Shelf E,1,0101E060202,0101E060202,0101E060202,Shelf E,10
Shelf E,1,0101E060203,0101E060203,0101E060203,Shelf E,10
Shelf E,1,0101E070101,0101E070101,0101E070101,Shelf E,10
Shelf E,1,0101E070102,0101E070102,0101E070102,Shelf E,10
Shelf E,1,0101E070103,0101E070103,0101E070103,Shelf E,10
Shelf E,1,0101E070201,0101E070201,0101E070201,Shelf E,10
Shelf E,1,0101E070202,0101E070202,0101E070202,Shelf E,10
Shelf E,1,0101E070203,0101E070203,0101E070203,Shelf E,10
Shelf E,1,0101E080101,0101E080101,0101E080101,Shelf E,10
Shelf E,1,0101E080102,0101E080102,0101E080102,Shelf E,10
Shelf E,1,0101E080103,0101E080103,0101E080103,Shelf E,10
Shelf E,1,0101E080201,0101E080201,0101E080201,Shelf E,10
Shelf E,1,0101E080202,0101E080202,0101E080202,Shelf E,10
Shelf E,1,0101E080203,0101E080203,0101E080203,Shelf E,10
Shelf F,1,0101F010101,0101F010101,0101F010101,Shelf F,10
Shelf F,1,0101F010102,0101F010102,0101F010102,Shelf F,10
Shelf F,1,0101F010103,0101F010103,0101F010103,Shelf F,10
Shelf F,1,0101F010201,0101F010201,0101F010201,Shelf F,10
Shelf F,1,0101F010202,0101F010202,0101F010202,Shelf F,10
Shelf F,1,0101F010203,0101F010203,0101F010203,Shelf F,10
Shelf F,1,0101F020101,0101F020101,0101F020101,Shelf F,10
Shelf F,1,0101F020102,0101F020102,0101F020102,Shelf F,10
Shelf F,1,0101F020103,0101F020103,0101F020103,Shelf F,10
Shelf F,1,0101F020201,0101F020201,0101F020201,Shelf F,10
Shelf F,1,0101F020202,0101F020202,0101F020202,Shelf F,10
Shelf F,1,0101F020203,0101F020203,0101F020203,Shelf F,10
Shelf F,1,0101F030101,0101F030101,0101F030101,Shelf F,10
Shelf F,1,0101F030102,0101F030102,0101F030102,Shelf F,10
Shelf F,1,0101F030103,0101F030103,0101F030103,Shelf F,10
Shelf F,1,0101F030201,0101F030201,0101F030201,Shelf F,10
Shelf F,1,0101F030202,0101F030202,0101F030202,Shelf F,10
Shelf F,1,0101F030203,0101F030203,0101F030203,Shelf F,10
Shelf F,1,0101F040101,0101F040101,0101F040101,Shelf F,10
Shelf F,1,0101F040102,0101F040102,0101F040102,Shelf F,10
Shelf F,1,0101F040103,0101F040103,0101F040103,Shelf F,10
Shelf F,1,0101F040201,0101F040201,0101F040201,Shelf F,10
Shelf F,1,0101F040202,0101F040202,0101F040202,Shelf F,10
Shelf F,1,0101F040203,0101F040203,0101F040203,Shelf F,10
Shelf F,1,0101F050101,0101F050101,0101F050101,Shelf F,10
Shelf F,1,0101F050102,0101F050102,0101F050102,Shelf F,10
Shelf F,1,0101F050103,0101F050103,0101F050103,Shelf F,10
Shelf F,1,0101F050201,0101F050201,0101F050201,Shelf F,10
Shelf F,1,0101F050202,0101F050202,0101F050202,Shelf F,10
Shelf F,1,0101F050203,0101F050203,0101F050203,Shelf F,10
Shelf F,1,0101F060101,0101F060101,0101F060101,Shelf F,10
Shelf F,1,0101F060102,0101F060102,0101F060102,Shelf F,10
Shelf F,1,0101F060103,0101F060103,0101F060103,Shelf F,10
Shelf F,1,0101F060201,0101F060201,0101F060201,Shelf F,10
Shelf F,1,0101F060202,0101F060202,0101F060202,Shelf F,10
Shelf F,1,0101F060203,0101F060203,0101F060203,Shelf F,10
Shelf F,1,0101F070101,0101F070101,0101F070101,Shelf F,10
Shelf F,1,0101F070102,0101F070102,0101F070102,Shelf F,10
Shelf F,1,0101F070103,0101F070103,0101F070103,Shelf F,10
Shelf F,1,0101F070201,0101F070201,0101F070201,Shelf F,10
Shelf F,1,0101F070202,0101F070202,0101F070202,Shelf F,10
Shelf F,1,0101F070203,0101F070203,0101F070203,Shelf F,10
Shelf F,1,0101F080101,0101F080101,0101F080101,Shelf F,10
Shelf F,1,0101F080102,0101F080102,0101F080102,Shelf F,10
Shelf F,1,0101F080103,0101F080103,0101F080103,Shelf F,10
Shelf F,1,0101F080201,0101F080201,0101F080201,Shelf F,10
Shelf F,1,0101F080202,0101F080202,0101F080202,Shelf F,10
Shelf F,1,0101F080203,0101F080203,0101F080203,Shelf F,10
Shelf G,1,0101G010101,0101G010101,0101G010101,Shelf G,10
Shelf G,1,0101G010102,0101G010102,0101G010102,Shelf G,10
Shelf G,1,0101G010103,0101G010103,0101G010103,Shelf G,10
Shelf G,1,0101G010201,0101G010201,0101G010201,Shelf G,10
Shelf G,1,0101G010202,0101G010202,0101G010202,Shelf G,10
Shelf G,1,0101G010203,0101G010203,0101G010203,Shelf G,10
Shelf G,1,0101G020101,0101G020101,0101G020101,Shelf G,10
Shelf G,1,0101G020102,0101G020102,0101G020102,Shelf G,10
Shelf G,1,0101G020103,0101G020103,0101G020103,Shelf G,10
Shelf G,1,0101G020201,0101G020201,0101G020201,Shelf G,10
Shelf G,1,0101G020202,0101G020202,0101G020202,Shelf G,10
Shelf G,1,0101G020203,0101G020203,0101G020203,Shelf G,10
Shelf G,1,0101G030101,0101G030101,0101G030101,Shelf G,10
Shelf G,1,0101G030102,0101G030102,0101G030102,Shelf G,10
Shelf G,1,0101G030103,0101G030103,0101G030103,Shelf G,10
Shelf G,1,0101G030201,0101G030201,0101G030201,Shelf G,10
Shelf G,1,0101G030202,0101G030202,0101G030202,Shelf G,10
Shelf G,1,0101G030203,0101G030203,0101G030203,Shelf G,10
Shelf G,1,0101G040101,0101G040101,0101G040101,Shelf G,10
Shelf G,1,0101G040102,0101G040102,0101G040102,Shelf G,10
Shelf G,1,0101G040103,0101G040103,0101G040103,Shelf G,10
Shelf G,1,0101G040201,0101G040201,0101G040201,Shelf G,10
Shelf G,1,0101G040202,0101G040202,0101G040202,Shelf G,10
Shelf G,1,0101G040203,0101G040203,0101G040203,Shelf G,10
Shelf G,1,0101G050101,0101G050101,0101G050101,Shelf G,10
Shelf G,1,0101G050102,0101G050102,0101G050102,Shelf G,10
Shelf G,1,0101G050103,0101G050103,0101G050103,Shelf G,10
Shelf G,1,0101G050201,0101G050201,0101G050201,Shelf G,10
Shelf G,1,0101G050202,0101G050202,0101G050202,Shelf G,10
Shelf G,1,0101G050203,0101G050203,0101G050203,Shelf G,10
Shelf G,1,0101G060101,0101G060101,0101G060101,Shelf G,10
Shelf G,1,0101G060102,0101G060102,0101G060102,Shelf G,10
Shelf G,1,0101G060103,0101G060103,0101G060103,Shelf G,10
Shelf G,1,0101G060201,0101G060201,0101G060201,Shelf G,10
Shelf G,1,0101G060202,0101G060202,0101G060202,Shelf G,10
Shelf G,1,0101G060203,0101G060203,0101G060203,Shelf G,10
Shelf G,1,0101G070101,0101G070101,0101G070101,Shelf G,10
Shelf G,1,0101G070102,0101G070102,0101G070102,Shelf G,10
Shelf G,1,0101G070103,0101G070103,0101G070103,Shelf G,10
Shelf G,1,0101G070201,0101G070201,0101G070201,Shelf G,10
Shelf G,1,0101G070202,0101G070202,0101G070202,Shelf G,10
Shelf G,1,0101G070203,0101G070203,0101G070203,Shelf G,10
Shelf G,1,0101G080101,0101G080101,0101G080101,Shelf G,10
Shelf G,1,0101G080102,0101G080102,0101G080102,Shelf G,10
Shelf G,1,0101G080103,0101G080103,0101G080103,Shelf G,10
Shelf G,1,0101G080201,0101G080201,0101G080201,Shelf G,10
Shelf G,1,0101G080202,0101G080202,0101G080202,Shelf G,10
Shelf G,1,0101G080203,0101G080203,0101G080203,Shelf G,10
Shelf H,1,0101H010101,0101H010101,0101H010101,Shelf H,10
Shelf H,1,0101H010102,0101H010102,0101H010102,Shelf H,10
Shelf H,1,0101H010103,0101H010103,0101H010103,Shelf H,10
Shelf H,1,0101H010201,0101H010201,0101H010201,Shelf H,10
Shelf H,1,0101H010202,0101H010202,0101H010202,Shelf H,10
Shelf H,1,0101H010203,0101H010203,0101H010203,Shelf H,10
Shelf H,1,0101H020101,0101H020101,0101H020101,Shelf H,10
Shelf H,1,0101H020102,0101H020102,0101H020102,Shelf H,10
Shelf H,1,0101H020103,0101H020103,0101H020103,Shelf H,10
Shelf H,1,0101H020201,0101H020201,0101H020201,Shelf H,10
Shelf H,1,0101H020202,0101H020202,0101H020202,Shelf H,10
Shelf H,1,0101H020203,0101H020203,0101H020203,Shelf H,10
Shelf H,1,0101H030101,0101H030101,0101H030101,Shelf H,10
Shelf H,1,0101H030102,0101H030102,0101H030102,Shelf H,10
Shelf H,1,0101H030103,0101H030103,0101H030103,Shelf H,10
Shelf H,1,0101H030201,0101H030201,0101H030201,Shelf H,10
Shelf H,1,0101H030202,0101H030202,0101H030202,Shelf H,10
Shelf H,1,0101H030203,0101H030203,0101H030203,Shelf H,10
Shelf H,1,0101H040101,0101H040101,0101H040101,Shelf H,10
Shelf H,1,0101H040102,0101H040102,0101H040102,Shelf H,10
Shelf H,1,0101H040103,0101H040103,0101H040103,Shelf H,10
Shelf H,1,0101H040201,0101H040201,0101H040201,Shelf H,10
Shelf H,1,0101H040202,0101H040202,0101H040202,Shelf H,10
Shelf H,1,0101H040203,0101H040203,0101H040203,Shelf H,10
Shelf H,1,0101H050101,0101H050101,0101H050101,Shelf H,10
Shelf H,1,0101H050102,0101H050102,0101H050102,Shelf H,10
Shelf H,1,0101H050103,0101H050103,0101H050103,Shelf H,10
Shelf H,1,0101H050201,0101H050201,0101H050201,Shelf H,10
Shelf H,1,0101H050202,0101H050202,0101H050202,Shelf H,10
Shelf H,1,0101H050203,0101H050203,0101H050203,Shelf H,10
Shelf H,1,0101H060101,0101H060101,0101H060101,Shelf H,10
Shelf H,1,0101H060102,0101H060102,0101H060102,Shelf H,10
Shelf H,1,0101H060103,0101H060103,0101H060103,Shelf H,10
Shelf H,1,0101H060201,0101H060201,0101H060201,Shelf H,10
Shelf H,1,0101H060202,0101H060202,0101H060202,Shelf H,10
Shelf H,1,0101H060203,0101H060203,0101H060203,Shelf H,10
Shelf H,1,0101H070101,0101H070101,0101H070101,Shelf H,10
Shelf H,1,0101H070102,0101H070102,0101H070102,Shelf H,10
Shelf H,1,0101H070103,0101H070103,0101H070103,Shelf H,10
Shelf H,1,0101H070201,0101H070201,0101H070201,Shelf H,10
Shelf H,1,0101H070202,0101H070202,0101H070202,Shelf H,10
Shelf H,1,0101H070203,0101H070203,0101H070203,Shelf H,10
Shelf H,1,0101H080101,0101H080101,0101H080101,Shelf H,10
Shelf H,1,0101H080102,0101H080102,0101H080102,Shelf H,10
Shelf H,1,0101H080103,0101H080103,0101H080103,Shelf H,10
Shelf H,1,0101H080201,0101H080201,0101H080201,Shelf H,10
Shelf H,1,0101H080202,0101H080202,0101H080202,Shelf H,10
Shelf H,1,0101H080203,0101H080203,0101H080203,Shelf H,10
Shelf I,1,0101I010101,0101I010101,0101I010101,Shelf I,10
Shelf I,1,0101I010102,0101I010102,0101I010102,Shelf I,10
Shelf I,1,0101I010103,0101I010103,0101I010103,Shelf I,10
Shelf I,1,0101I010201,0101I010201,0101I010201,Shelf I,10
Shelf I,1,0101I010202,0101I010202,0101I010202,Shelf I,10
Shelf I,1,0101I010203,0101I010203,0101I010203,Shelf I,10
Shelf I,1,0101I020101,0101I020101,0101I020101,Shelf I,10
Shelf I,1,0101I020102,0101I020102,0101I020102,Shelf I,10
Shelf I,1,0101I020103,0101I020103,0101I020103,Shelf I,10
Shelf I,1,0101I020201,0101I020201,0101I020201,Shelf I,10
Shelf I,1,0101I020202,0101I020202,0101I020202,Shelf I,10
Shelf I,1,0101I020203,0101I020203,0101I020203,Shelf I,10
Shelf I,1,0101I030101,0101I030101,0101I030101,Shelf I,10
Shelf I,1,0101I030102,0101I030102,0101I030102,Shelf I,10
Shelf I,1,0101I030103,0101I030103,0101I030103,Shelf I,10
Shelf I,1,0101I030201,0101I030201,0101I030201,Shelf I,10
Shelf I,1,0101I030202,0101I030202,0101I030202,Shelf I,10
Shelf I,1,0101I030203,0101I030203,0101I030203,Shelf I,10
Shelf I,1,0101I040101,0101I040101,0101I040101,Shelf I,10
Shelf I,1,0101I040102,0101I040102,0101I040102,Shelf I,10
Shelf I,1,0101I040103,0101I040103,0101I040103,Shelf I,10
Shelf I,1,0101I040201,0101I040201,0101I040201,Shelf I,10
Shelf I,1,0101I040202,0101I040202,0101I040202,Shelf I,10
Shelf I,1,0101I040203,0101I040203,0101I040203,Shelf I,10
Shelf I,1,0101I050101,0101I050101,0101I050101,Shelf I,10
Shelf I,1,0101I050102,0101I050102,0101I050102,Shelf I,10
Shelf I,1,0101I050103,0101I050103,0101I050103,Shelf I,10
Shelf I,1,0101I050201,0101I050201,0101I050201,Shelf I,10
Shelf I,1,0101I050202,0101I050202,0101I050202,Shelf I,10
Shelf I,1,0101I050203,0101I050203,0101I050203,Shelf I,10
Shelf I,1,0101I060101,0101I060101,0101I060101,Shelf I,10
Shelf I,1,0101I060102,0101I060102,0101I060102,Shelf I,10
Shelf I,1,0101I060103,0101I060103,0101I060103,Shelf I,10
Shelf I,1,0101I060201,0101I060201,0101I060201,Shelf I,10
Shelf I,1,0101I060202,0101I060202,0101I060202,Shelf I,10
Shelf I,1,0101I060203,0101I060203,0101I060203,Shelf I,10
Shelf I,1,0101I070101,0101I070101,0101I070101,Shelf I,10
Shelf I,1,0101I070102,0101I070102,0101I070102,Shelf I,10
Shelf I,1,0101I070103,0101I070103,0101I070103,Shelf I,10
Shelf I,1,0101I070201,0101I070201,0101I070201,Shelf I,10
Shelf I,1,0101I070202,0101I070202,0101I070202,Shelf I,10
Shelf I,1,0101I070203,0101I070203,0101I070203,Shelf I,10
Shelf I,1,0101I080101,0101I080101,0101I080101,Shelf I,10
Shelf I,1,0101I080102,0101I080102,0101I080102,Shelf I,10
Shelf I,1,0101I080103,0101I080103,0101I080103,Shelf I,10
Shelf I,1,0101I080201,0101I080201,0101I080201,Shelf I,10
Shelf I,1,0101I080202,0101I080202,0101I080202,Shelf I,10
Shelf I,1,0101I080203,0101I080203,0101I080203,Shelf I,10
Shelf J,1,0101J010101,0101J010101,0101J010101,Shelf J,10
Shelf J,1,0101J010102,0101J010102,0101J010102,Shelf J,10
Shelf J,1,0101J010103,0101J010103,0101J010103,Shelf J,10
Shelf J,1,0101J010201,0101J010201,0101J010201,Shelf J,10
Shelf J,1,0101J010202,0101J010202,0101J010202,Shelf J,10
Shelf J,1,0101J010203,0101J010203,0101J010203,Shelf J,10
Shelf J,1,0101J020101,0101J020101,0101J020101,Shelf J,10
Shelf J,1,0101J020102,0101J020102,0101J020102,Shelf J,10
Shelf J,1,0101J020103,0101J020103,0101J020103,Shelf J,10
Shelf J,1,0101J020201,0101J020201,0101J020201,Shelf J,10
Shelf J,1,0101J020202,0101J020202,0101J020202,Shelf J,10
Shelf J,1,0101J020203,0101J020203,0101J020203,Shelf J,10
Shelf J,1,0101J030101,0101J030101,0101J030101,Shelf J,10
Shelf J,1,0101J030102,0101J030102,0101J030102,Shelf J,10
Shelf J,1,0101J030103,0101J030103,0101J030103,Shelf J,10
Shelf J,1,0101J030201,0101J030201,0101J030201,Shelf J,10
Shelf J,1,0101J030202,0101J030202,0101J030202,Shelf J,10
Shelf J,1,0101J030203,0101J030203,0101J030203,Shelf J,10
Shelf J,1,0101J040101,0101J040101,0101J040101,Shelf J,10
Shelf J,1,0101J040102,0101J040102,0101J040102,Shelf J,10
Shelf J,1,0101J040103,0101J040103,0101J040103,Shelf J,10
Shelf J,1,0101J040201,0101J040201,0101J040201,Shelf J,10
Shelf J,1,0101J040202,0101J040202,0101J040202,Shelf J,10
Shelf J,1,0101J040203,0101J040203,0101J040203,Shelf J,10
Shelf J,1,0101J050101,0101J050101,0101J050101,Shelf J,10
Shelf J,1,0101J050102,0101J050102,0101J050102,Shelf J,10
Shelf J,1,0101J050103,0101J050103,0101J050103,Shelf J,10
Shelf J,1,0101J050201,0101J050201,0101J050201,Shelf J,10
Shelf J,1,0101J050202,0101J050202,0101J050202,Shelf J,10
Shelf J,1,0101J050203,0101J050203,0101J050203,Shelf J,10
Shelf J,1,0101J060101,0101J060101,0101J060101,Shelf J,10
Shelf J,1,0101J060102,0101J060102,0101J060102,Shelf J,10
Shelf J,1,0101J060103,0101J060103,0101J060103,Shelf J,10
Shelf J,1,0101J060201,0101J060201,0101J060201,Shelf J,10
Shelf J,1,0101J060202,0101J060202,0101J060202,Shelf J,10
Shelf J,1,0101J060203,0101J060203,0101J060203,Shelf J,10
Shelf J,1,0101J070101,0101J070101,0101J070101,Shelf J,10
Shelf J,1,0101J070102,0101J070102,0101J070102,Shelf J,10
Shelf J,1,0101J070103,0101J070103,0101J070103,Shelf J,10
Shelf J,1,0101J070201,0101J070201,0101J070201,Shelf J,10
Shelf J,1,0101J070202,0101J070202,0101J070202,Shelf J,10
Shelf J,1,0101J070203,0101J070203,0101J070203,Shelf J,10
Shelf J,1,0101J080101,0101J080101,0101J080101,Shelf J,10
Shelf J,1,0101J080102,0101J080102,0101J080102,Shelf J,10
Shelf J,1,0101J080103,0101J080103,0101J080103,Shelf J,10
Shelf J,1,0101J080201,0101J080201,0101J080201,Shelf J,10
Shelf J,1,0101J080202,0101J080202,0101J080202,Shelf J,10
Shelf J,1,0101J080203,0101J080203,0101J080203,Shelf J,10
Shelf K,1,0101K010101,0101K010101,0101K010101,Shelf K,10
Shelf K,1,0101K010102,0101K010102,0101K010102,Shelf K,10
Shelf K,1,0101K010103,0101K010103,0101K010103,Shelf K,10
Shelf K,1,0101K010201,0101K010201,0101K010201,Shelf K,10
Shelf K,1,0101K010202,0101K010202,0101K010202,Shelf K,10
Shelf K,1,0101K010203,0101K010203,0101K010203,Shelf K,10
Shelf K,1,0101K020101,0101K020101,0101K020101,Shelf K,10
Shelf K,1,0101K020102,0101K020102,0101K020102,Shelf K,10
Shelf K,1,0101K020103,0101K020103,0101K020103,Shelf K,10
Shelf K,1,0101K020201,0101K020201,0101K020201,Shelf K,10
Shelf K,1,0101K020202,0101K020202,0101K020202,Shelf K,10
Shelf K,1,0101K020203,0101K020203,0101K020203,Shelf K,10
Shelf K,1,0101K030101,0101K030101,0101K030101,Shelf K,10
Shelf K,1,0101K030102,0101K030102,0101K030102,Shelf K,10
Shelf K,1,0101K030103,0101K030103,0101K030103,Shelf K,10
Shelf K,1,0101K030201,0101K030201,0101K030201,Shelf K,10
Shelf K,1,0101K030202,0101K030202,0101K030202,Shelf K,10
Shelf K,1,0101K030203,0101K030203,0101K030203,Shelf K,10
Shelf K,1,0101K040101,0101K040101,0101K040101,Shelf K,10
Shelf K,1,0101K040102,0101K040102,0101K040102,Shelf K,10
Shelf K,1,0101K040103,0101K040103,0101K040103,Shelf K,10
Shelf K,1,0101K040201,0101K040201,0101K040201,Shelf K,10
Shelf K,1,0101K040202,0101K040202,0101K040202,Shelf K,10
Shelf K,1,0101K040203,0101K040203,0101K040203,Shelf K,10
Shelf K,1,0101K050101,0101K050101,0101K050101,Shelf K,10
Shelf K,1,0101K050102,0101K050102,0101K050102,Shelf K,10
Shelf K,1,010KC050103,010KC050103,010KC050103,Shelf K,10
Shelf K,1,0101K050201,0101K050201,0101K050201,Shelf K,10
Shelf K,1,0101K050202,0101K050202,0101K050202,Shelf K,10
Shelf K,1,0101K050203,0101K050203,0101K050203,Shelf K,10
Shelf K,1,0101K060101,0101K060101,0101K060101,Shelf K,10
Shelf K,1,0101K060102,0101K060102,0101K060102,Shelf K,10
Shelf K,1,0101K060103,0101K060103,0101K060103,Shelf K,10
Shelf K,1,0101K060201,0101K060201,0101K060201,Shelf K,10
Shelf K,1,0101K060202,0101K060202,0101K060202,Shelf K,10
Shelf K,1,0101K060203,0101K060203,0101K060203,Shelf K,10
Shelf K,1,0101K070101,0101K070101,0101K070101,Shelf K,10
Shelf K,1,0101K070102,0101K070102,0101K070102,Shelf K,10
Shelf K,1,0101K070103,0101K070103,0101K070103,Shelf K,10
Shelf K,1,0101K070201,0101K070201,0101K070201,Shelf K,10
Shelf K,1,0101K070202,0101K070202,0101K070202,Shelf K,10
Shelf K,1,0101K070203,0101K070203,0101K070203,Shelf K,10
Shelf K,1,0101K080101,0101K080101,0101K080101,Shelf K,10
Shelf K,1,0101K080102,0101K080102,0101K080102,Shelf K,10
Shelf K,1,0101K080103,0101K080103,0101K080103,Shelf K,10
Shelf K,1,0101K080201,0101K080201,0101K080201,Shelf K,10
Shelf K,1,0101K080202,0101K080202,0101K080202,Shelf K,10
Shelf K,1,0101K080203,0101K080203,0101K080203,Shelf K,10
Shelf L,1,0101L010101,0101L010101,0101L010101,Shelf L,10
Shelf L,1,0101L010102,0101L010102,0101L010102,Shelf L,10
Shelf L,1,0101L010103,0101L010103,0101L010103,Shelf L,10
Shelf L,1,0101L010201,0101L010201,0101L010201,Shelf L,10
Shelf L,1,0101L010202,0101L010202,0101L010202,Shelf L,10
Shelf L,1,0101L010203,0101L010203,0101L010203,Shelf L,10
Shelf L,1,0101L020101,0101L020101,0101L020101,Shelf L,10
Shelf L,1,0101L020102,0101L020102,0101L020102,Shelf L,10
Shelf L,1,0101L020103,0101L020103,0101L020103,Shelf L,10
Shelf L,1,0101L020201,0101L020201,0101L020201,Shelf L,10
Shelf L,1,0101L020202,0101L020202,0101L020202,Shelf L,10
Shelf L,1,0101L020203,0101L020203,0101L020203,Shelf L,10
Shelf L,1,0101L030101,0101L030101,0101L030101,Shelf L,10
Shelf L,1,0101L030102,0101L030102,0101L030102,Shelf L,10
Shelf L,1,0101L030103,0101L030103,0101L030103,Shelf L,10
Shelf L,1,0101L030201,0101L030201,0101L030201,Shelf L,10
Shelf L,1,0101L030202,0101L030202,0101L030202,Shelf L,10
Shelf L,1,0101L030203,0101L030203,0101L030203,Shelf L,10
Shelf L,1,0101L040101,0101L040101,0101L040101,Shelf L,10
Shelf L,1,0101L040102,0101L040102,0101L040102,Shelf L,10
Shelf L,1,0101L040103,0101L040103,0101L040103,Shelf L,10
Shelf L,1,0101L040201,0101L040201,0101L040201,Shelf L,10
Shelf L,1,0101L040202,0101L040202,0101L040202,Shelf L,10
Shelf L,1,0101L040203,0101L040203,0101L040203,Shelf L,10
Shelf L,1,0101L050101,0101L050101,0101L050101,Shelf L,10
Shelf L,1,0101L050102,0101L050102,0101L050102,Shelf L,10
Shelf L,1,0101L050103,0101L050103,0101L050103,Shelf L,10
Shelf L,1,0101L050201,0101L050201,0101L050201,Shelf L,10
Shelf L,1,0101L050202,0101L050202,0101L050202,Shelf L,10
Shelf L,1,0101L050203,0101L050203,0101L050203,Shelf L,10
Shelf L,1,0101L060101,0101L060101,0101L060101,Shelf L,10
Shelf L,1,0101L060102,0101L060102,0101L060102,Shelf L,10
Shelf L,1,0101L060103,0101L060103,0101L060103,Shelf L,10
Shelf L,1,0101L060201,0101L060201,0101L060201,Shelf L,10
Shelf L,1,0101L060202,0101L060202,0101L060202,Shelf L,10
Shelf L,1,0101L060203,0101L060203,0101L060203,Shelf L,10
Shelf L,1,0101L070101,0101L070101,0101L070101,Shelf L,10
Shelf L,1,0101L070102,0101L070102,0101L070102,Shelf L,10
Shelf L,1,0101L070103,0101L070103,0101L070103,Shelf L,10
Shelf L,1,0101L070201,0101L070201,0101L070201,Shelf L,10
Shelf L,1,0101L070202,0101L070202,0101L070202,Shelf L,10
Shelf L,1,0101L070203,0101L070203,0101L070203,Shelf L,10
Shelf L,1,0101L080101,0101L080101,0101L080101,Shelf L,10
Shelf L,1,0101L080102,0101L080102,0101L080102,Shelf L,10
Shelf L,1,0101L080103,0101L080103,0101L080103,Shelf L,10
Shelf L,1,0101L080201,0101L080201,0101L080201,Shelf L,10
Shelf L,1,0101L080202,0101L080202,0101L080202,Shelf L,10
Shelf L,1,0101L080203,0101L080203,0101L080203,Shelf L,10
Shelf M,1,0101M010101,0101M010101,0101M010101,Shelf M,10
Shelf M,1,0101M010102,0101M010102,0101M010102,Shelf M,10
Shelf M,1,0101M010103,0101M010103,0101M010103,Shelf M,10
Shelf M,1,0101M010201,0101M010201,0101M010201,Shelf M,10
Shelf M,1,0101M010202,0101M010202,0101M010202,Shelf M,10
Shelf M,1,0101M010203,0101M010203,0101M010203,Shelf M,10
Shelf M,1,0101M020101,0101M020101,0101M020101,Shelf M,10
Shelf M,1,0101M020102,0101M020102,0101M020102,Shelf M,10
Shelf M,1,0101M020103,0101M020103,0101M020103,Shelf M,10
Shelf M,1,0101M020201,0101M020201,0101M020201,Shelf M,10
Shelf M,1,0101M020202,0101M020202,0101M020202,Shelf M,10
Shelf M,1,0101M020203,0101M020203,0101M020203,Shelf M,10
Shelf M,1,0101M030101,0101M030101,0101M030101,Shelf M,10
Shelf M,1,0101M030102,0101M030102,0101M030102,Shelf M,10
Shelf M,1,0101M030103,0101M030103,0101M030103,Shelf M,10
Shelf M,1,0101M030201,0101M030201,0101M030201,Shelf M,10
Shelf M,1,0101M030202,0101M030202,0101M030202,Shelf M,10
Shelf M,1,0101M030203,0101M030203,0101M030203,Shelf M,10
Shelf M,1,0101M040101,0101M040101,0101M040101,Shelf M,10
Shelf M,1,0101M040102,0101M040102,0101M040102,Shelf M,10
Shelf M,1,0101M040103,0101M040103,0101M040103,Shelf M,10
Shelf M,1,0101M040201,0101M040201,0101M040201,Shelf M,10
Shelf M,1,0101M040202,0101M040202,0101M040202,Shelf M,10
Shelf M,1,0101M040203,0101M040203,0101M040203,Shelf M,10
Shelf M,1,0101M050101,0101M050101,0101M050101,Shelf M,10
Shelf M,1,0101M050102,0101M050102,0101M050102,Shelf M,10
Shelf M,1,0101M050103,0101M050103,0101M050103,Shelf M,10
Shelf M,1,0101M050201,0101M050201,0101M050201,Shelf M,10
Shelf M,1,0101M050202,0101M050202,0101M050202,Shelf M,10
Shelf M,1,0101M050203,0101M050203,0101M050203,Shelf M,10
Shelf M,1,0101M060101,0101M060101,0101M060101,Shelf M,10
Shelf M,1,0101M060102,0101M060102,0101M060102,Shelf M,10
Shelf M,1,0101M060103,0101M060103,0101M060103,Shelf M,10
Shelf M,1,0101M060201,0101M060201,0101M060201,Shelf M,10
Shelf M,1,0101M060202,0101M060202,0101M060202,Shelf M,10
Shelf M,1,0101M060203,0101M060203,0101M060203,Shelf M,10
Shelf M,1,0101M070101,0101M070101,0101M070101,Shelf M,10
Shelf M,1,0101M070102,0101M070102,0101M070102,Shelf M,10
Shelf M,1,0101M070103,0101M070103,0101M070103,Shelf M,10
Shelf M,1,0101M070201,0101M070201,0101M070201,Shelf M,10
Shelf M,1,0101M070202,0101M070202,0101M070202,Shelf M,10
Shelf M,1,0101M070203,0101M070203,0101M070203,Shelf M,10
Shelf M,1,0101M080101,0101M080101,0101M080101,Shelf M,10
Shelf M,1,0101M080102,0101M080102,0101M080102,Shelf M,10
Shelf M,1,0101M080103,0101M080103,0101M080103,Shelf M,10
Shelf M,1,0101M080201,0101M080201,0101M080201,Shelf M,10
Shelf M,1,0101M080202,0101M080202,0101M080202,Shelf M,10
Shelf M,1,0101M080203,0101M080203,0101M080203,Shelf M,10
Shelf N,1,0101N010101,0101N010101,0101N010101,Shelf N,10
Shelf N,1,0101N010102,0101N010102,0101N010102,Shelf N,10
Shelf N,1,0101N010103,0101N010103,0101N010103,Shelf N,10
Shelf N,1,0101N010201,0101N010201,0101N010201,Shelf N,10
Shelf N,1,0101N010202,0101N010202,0101N010202,Shelf N,10
Shelf N,1,0101N010203,0101N010203,0101N010203,Shelf N,10
Shelf N,1,0101N020101,0101N020101,0101N020101,Shelf N,10
Shelf N,1,0101N020102,0101N020102,0101N020102,Shelf N,10
Shelf N,1,0101N020103,0101N020103,0101N020103,Shelf N,10
Shelf N,1,0101N020201,0101N020201,0101N020201,Shelf N,10
Shelf N,1,0101N020202,0101N020202,0101N020202,Shelf N,10
Shelf N,1,0101N020203,0101N020203,0101N020203,Shelf N,10
Shelf N,1,0101N030101,0101N030101,0101N030101,Shelf N,10
Shelf N,1,0101N030102,0101N030102,0101N030102,Shelf N,10
Shelf N,1,0101N030103,0101N030103,0101N030103,Shelf N,10
Shelf N,1,0101N030201,0101N030201,0101N030201,Shelf N,10
Shelf N,1,0101N030202,0101N030202,0101N030202,Shelf N,10
Shelf N,1,0101N030203,0101N030203,0101N030203,Shelf N,10
Shelf N,1,0101N040101,0101N040101,0101N040101,Shelf N,10
Shelf N,1,0101N040102,0101N040102,0101N040102,Shelf N,10
Shelf N,1,0101N040103,0101N040103,0101N040103,Shelf N,10
Shelf N,1,0101N040201,0101N040201,0101N040201,Shelf N,10
Shelf N,1,0101N040202,0101N040202,0101N040202,Shelf N,10
Shelf N,1,0101N040203,0101N040203,0101N040203,Shelf N,10
Shelf N,1,0101N050101,0101N050101,0101N050101,Shelf N,10
Shelf N,1,0101N050102,0101N050102,0101N050102,Shelf N,10
Shelf N,1,0101N050103,0101N050103,0101N050103,Shelf N,10
Shelf N,1,0101N050201,0101N050201,0101N050201,Shelf N,10
Shelf N,1,0101N050202,0101N050202,0101N050202,Shelf N,10
Shelf N,1,0101N050203,0101N050203,0101N050203,Shelf N,10
Shelf N,1,0101N060101,0101N060101,0101N060101,Shelf N,10
Shelf N,1,0101N060102,0101N060102,0101N060102,Shelf N,10
Shelf N,1,0101N060103,0101N060103,0101N060103,Shelf N,10
Shelf N,1,0101N060201,0101N060201,0101N060201,Shelf N,10
Shelf N,1,0101N060202,0101N060202,0101N060202,Shelf N,10
Shelf N,1,0101N060203,0101N060203,0101N060203,Shelf N,10
Shelf N,1,0101N070101,0101N070101,0101N070101,Shelf N,10
Shelf N,1,0101N070102,0101N070102,0101N070102,Shelf N,10
Shelf N,1,0101N070103,0101N070103,0101N070103,Shelf N,10
Shelf N,1,0101N070201,0101N070201,0101N070201,Shelf N,10
Shelf N,1,0101N070202,0101N070202,0101N070202,Shelf N,10
Shelf N,1,0101N070203,0101N070203,0101N070203,Shelf N,10
Shelf N,1,0101N080101,0101N080101,0101N080101,Shelf N,10
Shelf N,1,0101N080102,0101N080102,0101N080102,Shelf N,10
Shelf N,1,0101N080103,0101N080103,0101N080103,Shelf N,10
Shelf N,1,0101N080201,0101N080201,0101N080201,Shelf N,10
Shelf N,1,0101N080202,0101N080202,0101N080202,Shelf N,10
Shelf N,1,0101N080203,0101N080203,0101N080203,Shelf N,10
Shelf O,1,0101O010101,0101O010101,0101O010101,Shelf O,10
Shelf O,1,0101O010102,0101O010102,0101O010102,Shelf O,10
Shelf O,1,0101O010103,0101O010103,0101O010103,Shelf O,10
Shelf O,1,0101O010201,0101O010201,0101O010201,Shelf O,10
Shelf O,1,0101O010202,0101O010202,0101O010202,Shelf O,10
Shelf O,1,0101O010203,0101O010203,0101O010203,Shelf O,10
Shelf O,1,0101O020101,0101O020101,0101O020101,Shelf O,10
Shelf O,1,0101O020102,0101O020102,0101O020102,Shelf O,10
Shelf O,1,0101O020103,0101O020103,0101O020103,Shelf O,10
Shelf O,1,0101O020201,0101O020201,0101O020201,Shelf O,10
Shelf O,1,0101O020202,0101O020202,0101O020202,Shelf O,10
Shelf O,1,0101O020203,0101O020203,0101O020203,Shelf O,10
Shelf O,1,0101O030101,0101O030101,0101O030101,Shelf O,10
Shelf O,1,0101O030102,0101O030102,0101O030102,Shelf O,10
Shelf O,1,0101O030103,0101O030103,0101O030103,Shelf O,10
Shelf O,1,0101O030201,0101O030201,0101O030201,Shelf O,10
Shelf O,1,0101O030202,0101O030202,0101O030202,Shelf O,10
Shelf O,1,0101O030203,0101O030203,0101O030203,Shelf O,10
Shelf O,1,0101O040101,0101O040101,0101O040101,Shelf O,10
Shelf O,1,0101O040102,0101O040102,0101O040102,Shelf O,10
Shelf O,1,0101O040103,0101O040103,0101O040103,Shelf O,10
Shelf O,1,0101O040201,0101O040201,0101O040201,Shelf O,10
Shelf O,1,0101O040202,0101O040202,0101O040202,Shelf O,10
Shelf O,1,0101O040203,0101O040203,0101O040203,Shelf O,10
Shelf O,1,0101O050101,0101O050101,0101O050101,Shelf O,10
Shelf O,1,0101O050102,0101O050102,0101O050102,Shelf O,10
Shelf O,1,0101O050103,0101O050103,0101O050103,Shelf O,10
Shelf O,1,0101O050201,0101O050201,0101O050201,Shelf O,10
Shelf O,1,0101O050202,0101O050202,0101O050202,Shelf O,10
Shelf O,1,0101O050203,0101O050203,0101O050203,Shelf O,10
Shelf O,1,0101O060101,0101O060101,0101O060101,Shelf O,10
Shelf O,1,0101O060102,0101O060102,0101O060102,Shelf O,10
Shelf O,1,0101O060103,0101O060103,0101O060103,Shelf O,10
Shelf O,1,0101O060201,0101O060201,0101O060201,Shelf O,10
Shelf O,1,0101O060202,0101O060202,0101O060202,Shelf O,10
Shelf O,1,0101O060203,0101O060203,0101O060203,Shelf O,10
Shelf O,1,0101O070101,0101O070101,0101O070101,Shelf O,10
Shelf O,1,0101O070102,0101O070102,0101O070102,Shelf O,10
Shelf O,1,0101O070103,0101O070103,0101O070103,Shelf O,10
Shelf O,1,0101O070201,0101O070201,0101O070201,Shelf O,10
Shelf O,1,0101O070202,0101O070202,0101O070202,Shelf O,10
Shelf O,1,0101O070203,0101O070203,0101O070203,Shelf O,10
Shelf O,1,0101O080101,0101O080101,0101O080101,Shelf O,10
Shelf O,1,0101O080102,0101O080102,0101O080102,Shelf O,10
Shelf O,1,0101O080103,0101O080103,0101O080103,Shelf O,10
Shelf O,1,0101O080201,0101O080201,0101O080201,Shelf O,10
Shelf O,1,0101O080202,0101O080202,0101O080202,Shelf O,10
Shelf O,1,0101O080203,0101O080203,0101O080203,Shelf O,10
Shelf P,1,0101P010101,0101P010101,0101P010101,Shelf P,10
Shelf P,1,0101P010102,0101P010102,0101P010102,Shelf P,10
Shelf P,1,0101P010103,0101P010103,0101P010103,Shelf P,10
Shelf P,1,0101P010201,0101P010201,0101P010201,Shelf P,10
Shelf P,1,0101P010202,0101P010202,0101P010202,Shelf P,10
Shelf P,1,0101P010203,0101P010203,0101P010203,Shelf P,10
Shelf P,1,0101P020101,0101P020101,0101P020101,Shelf P,10
Shelf P,1,0101P020102,0101P020102,0101P020102,Shelf P,10
Shelf P,1,0101P020103,0101P020103,0101P020103,Shelf P,10
Shelf P,1,0101P020201,0101P020201,0101P020201,Shelf P,10
Shelf P,1,0101P020202,0101P020202,0101P020202,Shelf P,10
Shelf P,1,0101P020203,0101P020203,0101P020203,Shelf P,10
Shelf P,1,0101P030101,0101P030101,0101P030101,Shelf P,10
Shelf P,1,0101P030102,0101P030102,0101P030102,Shelf P,10
Shelf P,1,0101P030103,0101P030103,0101P030103,Shelf P,10
Shelf P,1,0101P030201,0101P030201,0101P030201,Shelf P,10
Shelf P,1,0101P030202,0101P030202,0101P030202,Shelf P,10
Shelf P,1,0101P030203,0101P030203,0101P030203,Shelf P,10
Shelf P,1,0101P040101,0101P040101,0101P040101,Shelf P,10
Shelf P,1,0101P040102,0101P040102,0101P040102,Shelf P,10
Shelf P,1,0101P040103,0101P040103,0101P040103,Shelf P,10
Shelf P,1,0101P040201,0101P040201,0101P040201,Shelf P,10
Shelf P,1,0101P040202,0101P040202,0101P040202,Shelf P,10
Shelf P,1,0101P040203,0101P040203,0101P040203,Shelf P,10
Shelf P,1,0101P050101,0101P050101,0101P050101,Shelf P,10
Shelf P,1,0101P050102,0101P050102,0101P050102,Shelf P,10
Shelf P,1,0101P050103,0101P050103,0101P050103,Shelf P,10
Shelf P,1,0101P050201,0101P050201,0101P050201,Shelf P,10
Shelf P,1,0101P050202,0101P050202,0101P050202,Shelf P,10
Shelf P,1,0101P050203,0101P050203,0101P050203,Shelf P,10
Shelf P,1,0101P060101,0101P060101,0101P060101,Shelf P,10
Shelf P,1,0101P060102,0101P060102,0101P060102,Shelf P,10
Shelf P,1,0101P060103,0101P060103,0101P060103,Shelf P,10
Shelf P,1,0101P060201,0101P060201,0101P060201,Shelf P,10
Shelf P,1,0101P060202,0101P060202,0101P060202,Shelf P,10
Shelf P,1,0101P060203,0101P060203,0101P060203,Shelf P,10
Shelf P,1,0101P070101,0101P070101,0101P070101,Shelf P,10
Shelf P,1,0101P070102,0101P070102,0101P070102,Shelf P,10
Shelf P,1,0101P070103,0101P070103,0101P070103,Shelf P,10
Shelf P,1,0101P070201,0101P070201,0101P070201,Shelf P,10
Shelf P,1,0101P070202,0101P070202,0101P070202,Shelf P,10
Shelf P,1,0101P070203,0101P070203,0101P070203,Shelf P,10
Shelf P,1,0101P080101,0101P080101,0101P080101,Shelf P,10
Shelf P,1,0101P080102,0101P080102,0101P080102,Shelf P,10
Shelf P,1,0101P080103,0101P080103,0101P080103,Shelf P,10
Shelf P,1,0101P080201,0101P080201,0101P080201,Shelf P,10
Shelf P,1,0101P080202,0101P080202,0101P080202,Shelf P,10
Shelf P,1,0101P080203,0101P080203,0101P080203,Shelf P,10
Shelf Q,1,0101Q010101,0101Q010101,0101Q010101,Shelf Q,10
Shelf Q,1,0101Q010102,0101Q010102,0101Q010102,Shelf Q,10
Shelf Q,1,0101Q010103,0101Q010103,0101Q010103,Shelf Q,10
Shelf Q,1,0101Q010201,0101Q010201,0101Q010201,Shelf Q,10
Shelf Q,1,0101Q010202,0101Q010202,0101Q010202,Shelf Q,10
Shelf Q,1,0101Q010203,0101Q010203,0101Q010203,Shelf Q,10
Shelf Q,1,0101Q020101,0101Q020101,0101Q020101,Shelf Q,10
Shelf Q,1,0101Q020102,0101Q020102,0101Q020102,Shelf Q,10
Shelf Q,1,0101Q020103,0101Q020103,0101Q020103,Shelf Q,10
Shelf Q,1,0101Q020201,0101Q020201,0101Q020201,Shelf Q,10
Shelf Q,1,0101Q020202,0101Q020202,0101Q020202,Shelf Q,10
Shelf Q,1,0101Q020203,0101Q020203,0101Q020203,Shelf Q,10
Shelf Q,1,0101Q030101,0101Q030101,0101Q030101,Shelf Q,10
Shelf Q,1,0101Q030102,0101Q030102,0101Q030102,Shelf Q,10
Shelf Q,1,0101Q030103,0101Q030103,0101Q030103,Shelf Q,10
Shelf Q,1,0101Q030201,0101Q030201,0101Q030201,Shelf Q,10
Shelf Q,1,0101Q030202,0101Q030202,0101Q030202,Shelf Q,10
Shelf Q,1,0101Q030203,0101Q030203,0101Q030203,Shelf Q,10
Shelf Q,1,0101Q040101,0101Q040101,0101Q040101,Shelf Q,10
Shelf Q,1,0101Q040102,0101Q040102,0101Q040102,Shelf Q,10
Shelf Q,1,0101Q040103,0101Q040103,0101Q040103,Shelf Q,10
Shelf Q,1,0101Q040201,0101Q040201,0101Q040201,Shelf Q,10
Shelf Q,1,0101Q040202,0101Q040202,0101Q040202,Shelf Q,10
Shelf Q,1,0101Q040203,0101Q040203,0101Q040203,Shelf Q,10
Shelf Q,1,0101Q050101,0101Q050101,0101Q050101,Shelf Q,10
Shelf Q,1,0101Q050102,0101Q050102,0101Q050102,Shelf Q,10
Shelf Q,1,0101Q050103,0101Q050103,0101Q050103,Shelf Q,10
Shelf Q,1,0101Q050201,0101Q050201,0101Q050201,Shelf Q,10
Shelf Q,1,0101Q050202,0101Q050202,0101Q050202,Shelf Q,10
Shelf Q,1,0101Q050203,0101Q050203,0101Q050203,Shelf Q,10
Shelf Q,1,0101Q060101,0101Q060101,0101Q060101,Shelf Q,10
Shelf Q,1,0101Q060102,0101Q060102,0101Q060102,Shelf Q,10
Shelf Q,1,0101Q060103,0101Q060103,0101Q060103,Shelf Q,10
Shelf Q,1,0101Q060201,0101Q060201,0101Q060201,Shelf Q,10
Shelf Q,1,0101Q060202,0101Q060202,0101Q060202,Shelf Q,10
Shelf Q,1,0101Q060203,0101Q060203,0101Q060203,Shelf Q,10
Shelf Q,1,0101Q070101,0101Q070101,0101Q070101,Shelf Q,10
Shelf Q,1,0101Q070102,0101Q070102,0101Q070102,Shelf Q,10
Shelf Q,1,0101Q070103,0101Q070103,0101Q070103,Shelf Q,10
Shelf Q,1,0101Q070201,0101Q070201,0101Q070201,Shelf Q,10
Shelf Q,1,0101Q070202,0101Q070202,0101Q070202,Shelf Q,10
Shelf Q,1,0101Q070203,0101Q070203,0101Q070203,Shelf Q,10
Shelf Q,1,0101Q080101,0101Q080101,0101Q080101,Shelf Q,10
Shelf Q,1,0101Q080102,0101Q080102,0101Q080102,Shelf Q,10
Shelf Q,1,0101Q080103,0101Q080103,0101Q080103,Shelf Q,10
Shelf Q,1,0101Q080201,0101Q080201,0101Q080201,Shelf Q,10
Shelf Q,1,0101Q080202,0101Q080202,0101Q080202,Shelf Q,10
Shelf Q,1,0101Q080203,0101Q080203,0101Q080203,Shelf Q,10
Shelf R,1,0101R010101,0101R010101,0101R010101,Shelf R,10
Shelf R,1,0101R010102,0101R010102,0101R010102,Shelf R,10
Shelf R,1,0101R010103,0101R010103,0101R010103,Shelf R,10
Shelf R,1,0101R010201,0101R010201,0101R010201,Shelf R,10
Shelf R,1,0101R010202,0101R010202,0101R010202,Shelf R,10
Shelf R,1,0101R010203,0101R010203,0101R010203,Shelf R,10
Shelf R,1,0101R020101,0101R020101,0101R020101,Shelf R,10
Shelf R,1,0101R020102,0101R020102,0101R020102,Shelf R,10
Shelf R,1,0101R020103,0101R020103,0101R020103,Shelf R,10
Shelf R,1,0101R020201,0101R020201,0101R020201,Shelf R,10
Shelf R,1,0101R020202,0101R020202,0101R020202,Shelf R,10
Shelf R,1,0101R020203,0101R020203,0101R020203,Shelf R,10
Shelf R,1,0101R030101,0101R030101,0101R030101,Shelf R,10
Shelf R,1,0101R030102,0101R030102,0101R030102,Shelf R,10
Shelf R,1,0101R030103,0101R030103,0101R030103,Shelf R,10
Shelf R,1,0101R030201,0101R030201,0101R030201,Shelf R,10
Shelf R,1,0101R030202,0101R030202,0101R030202,Shelf R,10
Shelf R,1,0101R030203,0101R030203,0101R030203,Shelf R,10
Shelf R,1,0101R040101,0101R040101,0101R040101,Shelf R,10
Shelf R,1,0101R040102,0101R040102,0101R040102,Shelf R,10
Shelf R,1,0101R040103,0101R040103,0101R040103,Shelf R,10
Shelf R,1,0101R040201,0101R040201,0101R040201,Shelf R,10
Shelf R,1,0101R040202,0101R040202,0101R040202,Shelf R,10
Shelf R,1,0101R040203,0101R040203,0101R040203,Shelf R,10
Shelf R,1,0101R050101,0101R050101,0101R050101,Shelf R,10
Shelf R,1,0101R050102,0101R050102,0101R050102,Shelf R,10
Shelf R,1,0101R050103,0101R050103,0101R050103,Shelf R,10
Shelf R,1,0101R050201,0101R050201,0101R050201,Shelf R,10
Shelf R,1,0101R050202,0101R050202,0101R050202,Shelf R,10
Shelf R,1,0101R050203,0101R050203,0101R050203,Shelf R,10
Shelf R,1,0101R060101,0101R060101,0101R060101,Shelf R,10
Shelf R,1,0101R060102,0101R060102,0101R060102,Shelf R,10
Shelf R,1,0101R060103,0101R060103,0101R060103,Shelf R,10
Shelf R,1,0101R060201,0101R060201,0101R060201,Shelf R,10
Shelf R,1,0101R060202,0101R060202,0101R060202,Shelf R,10
Shelf R,1,0101R060203,0101R060203,0101R060203,Shelf R,10
Shelf R,1,0101R070101,0101R070101,0101R070101,Shelf R,10
Shelf R,1,0101R070102,0101R070102,0101R070102,Shelf R,10
Shelf R,1,0101R070103,0101R070103,0101R070103,Shelf R,10
Shelf R,1,0101R070201,0101R070201,0101R070201,Shelf R,10
Shelf R,1,0101R070202,0101R070202,0101R070202,Shelf R,10
Shelf R,1,0101R070203,0101R070203,0101R070203,Shelf R,10
Shelf R,1,0101R080101,0101R080101,0101R080101,Shelf R,10
Shelf R,1,0101R080102,0101R080102,0101R080102,Shelf R,10
Shelf R,1,0101R080103,0101R080103,0101R080103,Shelf R,10
Shelf R,1,0101R080201,0101R080201,0101R080201,Shelf R,10
Shelf R,1,0101R080202,0101R080202,0101R080202,Shelf R,10
Shelf R,1,0101R080203,0101R080203,0101R080203,Shelf R,10
Shelf S,1,0101S010101,0101S010101,0101S010101,Shelf S,10
Shelf S,1,0101S010102,0101S010102,0101S010102,Shelf S,10
Shelf S,1,0101S010103,0101S010103,0101S010103,Shelf S,10
Shelf S,1,0101S010201,0101S010201,0101S010201,Shelf S,10
Shelf S,1,0101S010202,0101S010202,0101S010202,Shelf S,10
Shelf S,1,0101S010203,0101S010203,0101S010203,Shelf S,10
Shelf S,1,0101S020101,0101S020101,0101S020101,Shelf S,10
Shelf S,1,0101S020102,0101S020102,0101S020102,Shelf S,10
Shelf S,1,0101S020103,0101S020103,0101S020103,Shelf S,10
Shelf S,1,0101S020201,0101S020201,0101S020201,Shelf S,10
Shelf S,1,0101S020202,0101S020202,0101S020202,Shelf S,10
Shelf S,1,0101S020203,0101S020203,0101S020203,Shelf S,10
Shelf S,1,0101S030101,0101S030101,0101S030101,Shelf S,10
Shelf S,1,0101S030102,0101S030102,0101S030102,Shelf S,10
Shelf S,1,0101S030103,0101S030103,0101S030103,Shelf S,10
Shelf S,1,0101S030201,0101S030201,0101S030201,Shelf S,10
Shelf S,1,0101S030202,0101S030202,0101S030202,Shelf S,10
Shelf S,1,0101S030203,0101S030203,0101S030203,Shelf S,10
Shelf S,1,0101S040101,0101S040101,0101S040101,Shelf S,10
Shelf S,1,0101S040102,0101S040102,0101S040102,Shelf S,10
Shelf S,1,0101S040103,0101S040103,0101S040103,Shelf S,10
Shelf S,1,0101S040201,0101S040201,0101S040201,Shelf S,10
Shelf S,1,0101S040202,0101S040202,0101S040202,Shelf S,10
Shelf S,1,0101S040203,0101S040203,0101S040203,Shelf S,10
Shelf S,1,0101S050101,0101S050101,0101S050101,Shelf S,10
Shelf S,1,0101S050102,0101S050102,0101S050102,Shelf S,10
Shelf S,1,0101S050103,0101S050103,0101S050103,Shelf S,10
Shelf S,1,0101S050201,0101S050201,0101S050201,Shelf S,10
Shelf S,1,0101S050202,0101S050202,0101S050202,Shelf S,10
Shelf S,1,0101S050203,0101S050203,0101S050203,Shelf S,10
Shelf S,1,0101S060101,0101S060101,0101S060101,Shelf S,10
Shelf S,1,0101S060102,0101S060102,0101S060102,Shelf S,10
Shelf S,1,0101S060103,0101S060103,0101S060103,Shelf S,10
Shelf S,1,0101S060201,0101S060201,0101S060201,Shelf S,10
Shelf S,1,0101S060202,0101S060202,0101S060202,Shelf S,10
Shelf S,1,0101S060203,0101S060203,0101S060203,Shelf S,10
Shelf S,1,0101S070101,0101S070101,0101S070101,Shelf S,10
Shelf S,1,0101S070102,0101S070102,0101S070102,Shelf S,10
Shelf S,1,0101S070103,0101S070103,0101S070103,Shelf S,10
Shelf S,1,0101S070201,0101S070201,0101S070201,Shelf S,10
Shelf S,1,0101S070202,0101S070202,0101S070202,Shelf S,10
Shelf S,1,0101S070203,0101S070203,0101S070203,Shelf S,10
Shelf S,1,0101S080101,0101S080101,0101S080101,Shelf S,10
Shelf S,1,0101S080102,0101S080102,0101S080102,Shelf S,10
Shelf S,1,0101S080103,0101S080103,0101S080103,Shelf S,10
Shelf S,1,0101S080201,0101S080201,0101S080201,Shelf S,10
Shelf S,1,0101S080202,0101S080202,0101S080202,Shelf S,10
Shelf S,1,0101S080203,0101S080203,0101S080203,Shelf S,10
Shelf T,1,0101T010101,0101T010101,0101T010101,Shelf T,10
Shelf T,1,0101T010102,0101T010102,0101T010102,Shelf T,10
Shelf T,1,0101T010103,0101T010103,0101T010103,Shelf T,10
Shelf T,1,0101T010201,0101T010201,0101T010201,Shelf T,10
Shelf T,1,0101T010202,0101T010202,0101T010202,Shelf T,10
Shelf T,1,0101T010203,0101T010203,0101T010203,Shelf T,10
Shelf T,1,0101T020101,0101T020101,0101T020101,Shelf T,10
Shelf T,1,0101T020102,0101T020102,0101T020102,Shelf T,10
Shelf T,1,0101T020103,0101T020103,0101T020103,Shelf T,10
Shelf T,1,0101T020201,0101T020201,0101T020201,Shelf T,10
Shelf T,1,0101T020202,0101T020202,0101T020202,Shelf T,10
Shelf T,1,0101T020203,0101T020203,0101T020203,Shelf T,10
Shelf T,1,0101T030101,0101T030101,0101T030101,Shelf T,10
Shelf T,1,0101T030102,0101T030102,0101T030102,Shelf T,10
Shelf T,1,0101T030103,0101T030103,0101T030103,Shelf T,10
Shelf T,1,0101T030201,0101T030201,0101T030201,Shelf T,10
Shelf T,1,0101T030202,0101T030202,0101T030202,Shelf T,10
Shelf T,1,0101T030203,0101T030203,0101T030203,Shelf T,10
Shelf T,1,0101T040101,0101T040101,0101T040101,Shelf T,10
Shelf T,1,0101T040102,0101T040102,0101T040102,Shelf T,10
Shelf T,1,0101T040103,0101T040103,0101T040103,Shelf T,10
Shelf T,1,0101T040201,0101T040201,0101T040201,Shelf T,10
Shelf T,1,0101T040202,0101T040202,0101T040202,Shelf T,10
Shelf T,1,0101T040203,0101T040203,0101T040203,Shelf T,10
Shelf T,1,0101T050101,0101T050101,0101T050101,Shelf T,10
Shelf T,1,0101T050102,0101T050102,0101T050102,Shelf T,10
Shelf T,1,0101T050103,0101T050103,0101T050103,Shelf T,10
Shelf T,1,0101T050201,0101T050201,0101T050201,Shelf T,10
Shelf T,1,0101T050202,0101T050202,0101T050202,Shelf T,10
Shelf T,1,0101T050203,0101T050203,0101T050203,Shelf T,10
Shelf T,1,0101T060101,0101T060101,0101T060101,Shelf T,10
Shelf T,1,0101T060102,0101T060102,0101T060102,Shelf T,10
Shelf T,1,0101T060103,0101T060103,0101T060103,Shelf T,10
Shelf T,1,0101T060201,0101T060201,0101T060201,Shelf T,10
Shelf T,1,0101T060202,0101T060202,0101T060202,Shelf T,10
Shelf T,1,0101T060203,0101T060203,0101T060203,Shelf T,10
Shelf T,1,0101T070101,0101T070101,0101T070101,Shelf T,10
Shelf T,1,0101T070102,0101T070102,0101T070102,Shelf T,10
Shelf T,1,0101T070103,0101T070103,0101T070103,Shelf T,10
Shelf T,1,0101T070201,0101T070201,0101T070201,Shelf T,10
Shelf T,1,0101T070202,0101T070202,0101T070202,Shelf T,10
Shelf T,1,0101T070203,0101T070203,0101T070203,Shelf T,10
Shelf T,1,0101T080101,0101T080101,0101T080101,Shelf T,10
Shelf T,1,0101T080102,0101T080102,0101T080102,Shelf T,10
Shelf T,1,0101T080103,0101T080103,0101T080103,Shelf T,10
Shelf T,1,0101T080201,0101T080201,0101T080201,Shelf T,10
Shelf T,1,0101T080202,0101T080202,0101T080202,Shelf T,10
Shelf T,1,0101T080203,0101T080203,0101T080203,Shelf T,10
Shelf U,1,0101U010101,0101U010101,0101U010101,Shelf U,10
Shelf U,1,0101U010102,0101U010102,0101U010102,Shelf U,10
Shelf U,1,0101U010103,0101U010103,0101U010103,Shelf U,10
Shelf U,1,0101U010201,0101U010201,0101U010201,Shelf U,10
Shelf U,1,0101U010202,0101U010202,0101U010202,Shelf U,10
Shelf U,1,0101U010203,0101U010203,0101U010203,Shelf U,10
Shelf U,1,0101U020101,0101U020101,0101U020101,Shelf U,10
Shelf U,1,0101U020102,0101U020102,0101U020102,Shelf U,10
Shelf U,1,0101U020103,0101U020103,0101U020103,Shelf U,10
Shelf U,1,0101U020201,0101U020201,0101U020201,Shelf U,10
Shelf U,1,0101U020202,0101U020202,0101U020202,Shelf U,10
Shelf U,1,0101U020203,0101U020203,0101U020203,Shelf U,10
Shelf U,1,0101U030101,0101U030101,0101U030101,Shelf U,10
Shelf U,1,0101U030102,0101U030102,0101U030102,Shelf U,10
Shelf U,1,0101U030103,0101U030103,0101U030103,Shelf U,10
Shelf U,1,0101U030201,0101U030201,0101U030201,Shelf U,10
Shelf U,1,0101U030202,0101U030202,0101U030202,Shelf U,10
Shelf U,1,0101U030203,0101U030203,0101U030203,Shelf U,10
Shelf U,1,0101U040101,0101U040101,0101U040101,Shelf U,10
Shelf U,1,0101U040102,0101U040102,0101U040102,Shelf U,10
Shelf U,1,0101U040103,0101U040103,0101U040103,Shelf U,10
Shelf U,1,0101U040201,0101U040201,0101U040201,Shelf U,10
Shelf U,1,0101U040202,0101U040202,0101U040202,Shelf U,10
Shelf U,1,0101U040203,0101U040203,0101U040203,Shelf U,10
Shelf U,1,0101U050101,0101U050101,0101U050101,Shelf U,10
Shelf U,1,0101U050102,0101U050102,0101U050102,Shelf U,10
Shelf U,1,0101U050103,0101U050103,0101U050103,Shelf U,10
Shelf U,1,0101U050201,0101U050201,0101U050201,Shelf U,10
Shelf U,1,0101U050202,0101U050202,0101U050202,Shelf U,10
Shelf U,1,0101U050203,0101U050203,0101U050203,Shelf U,10
Shelf U,1,0101U060101,0101U060101,0101U060101,Shelf U,10
Shelf U,1,0101U060102,0101U060102,0101U060102,Shelf U,10
Shelf U,1,0101U060103,0101U060103,0101U060103,Shelf U,10
Shelf U,1,0101U060201,0101U060201,0101U060201,Shelf U,10
Shelf U,1,0101U060202,0101U060202,0101U060202,Shelf U,10
Shelf U,1,0101U060203,0101U060203,0101U060203,Shelf U,10
Shelf U,1,0101U070101,0101U070101,0101U070101,Shelf U,10
Shelf U,1,0101U070102,0101U070102,0101U070102,Shelf U,10
Shelf U,1,0101U070103,0101U070103,0101U070103,Shelf U,10
Shelf U,1,0101U070201,0101U070201,0101U070201,Shelf U,10
Shelf U,1,0101U070202,0101U070202,0101U070202,Shelf U,10
Shelf U,1,0101U070203,0101U070203,0101U070203,Shelf U,10
Shelf U,1,0101U080101,0101U080101,0101U080101,Shelf U,10
Shelf U,1,0101U080102,0101U080102,0101U080102,Shelf U,10
Shelf U,1,0101U080103,0101U080103,0101U080103,Shelf U,10
Shelf U,1,0101U080201,0101U080201,0101U080201,Shelf U,10
Shelf U,1,0101U080202,0101U080202,0101U080202,Shelf U,10
Shelf U,1,0101U080203,0101U080203,0101U080203,Shelf U,10
Shelf V,1,0101V010101,0101V010101,0101V010101,Shelf V,10
Shelf V,1,0101V010102,0101V010102,0101V010102,Shelf V,10
Shelf V,1,0101V010103,0101V010103,0101V010103,Shelf V,10
Shelf V,1,0101V010201,0101V010201,0101V010201,Shelf V,10
Shelf V,1,0101V010202,0101V010202,0101V010202,Shelf V,10
Shelf V,1,0101V010203,0101V010203,0101V010203,Shelf V,10
Shelf V,1,0101V020101,0101V020101,0101V020101,Shelf V,10
Shelf V,1,0101V020102,0101V020102,0101V020102,Shelf V,10
Shelf V,1,0101V020103,0101V020103,0101V020103,Shelf V,10
Shelf V,1,0101V020201,0101V020201,0101V020201,Shelf V,10
Shelf V,1,0101V020202,0101V020202,0101V020202,Shelf V,10
Shelf V,1,0101V020203,0101V020203,0101V020203,Shelf V,10
Shelf V,1,0101V030101,0101V030101,0101V030101,Shelf V,10
Shelf V,1,0101V030102,0101V030102,0101V030102,Shelf V,10
Shelf V,1,0101V030103,0101V030103,0101V030103,Shelf V,10
Shelf V,1,0101V030201,0101V030201,0101V030201,Shelf V,10
Shelf V,1,0101V030202,0101V030202,0101V030202,Shelf V,10
Shelf V,1,0101V030203,0101V030203,0101V030203,Shelf V,10
Shelf V,1,0101V040101,0101V040101,0101V040101,Shelf V,10
Shelf V,1,0101V040102,0101V040102,0101V040102,Shelf V,10
Shelf V,1,0101V040103,0101V040103,0101V040103,Shelf V,10
Shelf V,1,0101V040201,0101V040201,0101V040201,Shelf V,10
Shelf V,1,0101V040202,0101V040202,0101V040202,Shelf V,10
Shelf V,1,0101V040203,0101V040203,0101V040203,Shelf V,10
Shelf V,1,0101V050101,0101V050101,0101V050101,Shelf V,10
Shelf V,1,0101V050102,0101V050102,0101V050102,Shelf V,10
Shelf V,1,0101V050103,0101V050103,0101V050103,Shelf V,10
Shelf V,1,0101V050201,0101V050201,0101V050201,Shelf V,10
Shelf V,1,0101V050202,0101V050202,0101V050202,Shelf V,10
Shelf V,1,0101V050203,0101V050203,0101V050203,Shelf V,10
Shelf V,1,0101V060101,0101V060101,0101V060101,Shelf V,10
Shelf V,1,0101V060102,0101V060102,0101V060102,Shelf V,10
Shelf V,1,0101V060103,0101V060103,0101V060103,Shelf V,10
Shelf V,1,0101V060201,0101V060201,0101V060201,Shelf V,10
Shelf V,1,0101V060202,0101V060202,0101V060202,Shelf V,10
Shelf V,1,0101V060203,0101V060203,0101V060203,Shelf V,10
Shelf V,1,0101V070101,0101V070101,0101V070101,Shelf V,10
Shelf V,1,0101V070102,0101V070102,0101V070102,Shelf V,10
Shelf V,1,0101V070103,0101V070103,0101V070103,Shelf V,10
Shelf V,1,0101V070201,0101V070201,0101V070201,Shelf V,10
Shelf V,1,0101V070202,0101V070202,0101V070202,Shelf V,10
Shelf V,1,0101V070203,0101V070203,0101V070203,Shelf V,10
Shelf V,1,0101V080101,0101V080101,0101V080101,Shelf V,10
Shelf V,1,0101V080102,0101V080102,0101V080102,Shelf V,10
Shelf V,1,0101V080103,0101V080103,0101V080103,Shelf V,10
Shelf V,1,0101V080201,0101V080201,0101V080201,Shelf V,10
Shelf V,1,0101V080202,0101V080202,0101V080202,Shelf V,10
Shelf V,1,0101V080203,0101V080203,0101V080203,Shelf V,10
Shelf W,1,0101W010101,0101W010101,0101W010101,Shelf W,10
Shelf W,1,0101W010102,0101W010102,0101W010102,Shelf W,10
Shelf W,1,0101W010103,0101W010103,0101W010103,Shelf W,10
Shelf W,1,0101W010201,0101W010201,0101W010201,Shelf W,10
Shelf W,1,0101W010202,0101W010202,0101W010202,Shelf W,10
Shelf W,1,0101W010203,0101W010203,0101W010203,Shelf W,10
Shelf W,1,0101W020101,0101W020101,0101W020101,Shelf W,10
Shelf W,1,0101W020102,0101W020102,0101W020102,Shelf W,10
Shelf W,1,0101W020103,0101W020103,0101W020103,Shelf W,10
Shelf W,1,0101W020201,0101W020201,0101W020201,Shelf W,10
Shelf W,1,0101W020202,0101W020202,0101W020202,Shelf W,10
Shelf W,1,0101W020203,0101W020203,0101W020203,Shelf W,10
Shelf W,1,0101W030101,0101W030101,0101W030101,Shelf W,10
Shelf W,1,0101W030102,0101W030102,0101W030102,Shelf W,10
Shelf W,1,0101W030103,0101W030103,0101W030103,Shelf W,10
Shelf W,1,0101W030201,0101W030201,0101W030201,Shelf W,10
Shelf W,1,0101W030202,0101W030202,0101W030202,Shelf W,10
Shelf W,1,0101W030203,0101W030203,0101W030203,Shelf W,10
Shelf W,1,0101W040101,0101W040101,0101W040101,Shelf W,10
Shelf W,1,0101W040102,0101W040102,0101W040102,Shelf W,10
Shelf W,1,0101W040103,0101W040103,0101W040103,Shelf W,10
Shelf W,1,0101W040201,0101W040201,0101W040201,Shelf W,10
Shelf W,1,0101W040202,0101W040202,0101W040202,Shelf W,10
Shelf W,1,0101W040203,0101W040203,0101W040203,Shelf W,10
Shelf W,1,0101W050101,0101W050101,0101W050101,Shelf W,10
Shelf W,1,0101W050102,0101W050102,0101W050102,Shelf W,10
Shelf W,1,0101W050103,0101W050103,0101W050103,Shelf W,10
Shelf W,1,0101W050201,0101W050201,0101W050201,Shelf W,10
Shelf W,1,0101W050202,0101W050202,0101W050202,Shelf W,10
Shelf W,1,0101W050203,0101W050203,0101W050203,Shelf W,10
Shelf W,1,0101W060101,0101W060101,0101W060101,Shelf W,10
Shelf W,1,0101W060102,0101W060102,0101W060102,Shelf W,10
Shelf W,1,0101W060103,0101W060103,0101W060103,Shelf W,10
Shelf W,1,0101W060201,0101W060201,0101W060201,Shelf W,10
Shelf W,1,0101W060202,0101W060202,0101W060202,Shelf W,10
Shelf W,1,0101W060203,0101W060203,0101W060203,Shelf W,10
Shelf W,1,0101W070101,0101W070101,0101W070101,Shelf W,10
Shelf W,1,0101W070102,0101W070102,0101W070102,Shelf W,10
Shelf W,1,0101W070103,0101W070103,0101W070103,Shelf W,10
Shelf W,1,0101W070201,0101W070201,0101W070201,Shelf W,10
Shelf W,1,0101W070202,0101W070202,0101W070202,Shelf W,10
Shelf W,1,0101W070203,0101W070203,0101W070203,Shelf W,10
Shelf W,1,0101W080101,0101W080101,0101W080101,Shelf W,10
Shelf W,1,0101W080102,0101W080102,0101W080102,Shelf W,10
Shelf W,1,0101W080103,0101W080103,0101W080103,Shelf W,10
Shelf W,1,0101W080201,0101W080201,0101W080201,Shelf W,10
Shelf W,1,0101W080202,0101W080202,0101W080202,Shelf W,10
Shelf W,1,0101W080203,0101W080203,0101W080203,Shelf W,10
Shelf X,1,0101X010101,0101X010101,0101X010101,Shelf X,10
Shelf X,1,0101X010102,0101X010102,0101X010102,Shelf X,10
Shelf X,1,0101X010103,0101X010103,0101X010103,Shelf X,10
Shelf X,1,0101X010201,0101X010201,0101X010201,Shelf X,10
Shelf X,1,0101X010202,0101X010202,0101X010202,Shelf X,10
Shelf X,1,0101X010203,0101X010203,0101X010203,Shelf X,10
Shelf X,1,0101X020101,0101X020101,0101X020101,Shelf X,10
Shelf X,1,0101X020102,0101X020102,0101X020102,Shelf X,10
Shelf X,1,0101X020103,0101X020103,0101X020103,Shelf X,10
Shelf X,1,0101X020201,0101X020201,0101X020201,Shelf X,10
Shelf X,1,0101X020202,0101X020202,0101X020202,Shelf X,10
Shelf X,1,0101X020203,0101X020203,0101X020203,Shelf X,10
Shelf X,1,0101X030101,0101X030101,0101X030101,Shelf X,10
Shelf X,1,0101X030102,0101X030102,0101X030102,Shelf X,10
Shelf X,1,0101X030103,0101X030103,0101X030103,Shelf X,10
Shelf X,1,0101X030201,0101X030201,0101X030201,Shelf X,10
Shelf X,1,0101X030202,0101X030202,0101X030202,Shelf X,10
Shelf X,1,0101X030203,0101X030203,0101X030203,Shelf X,10
Shelf X,1,0101X040101,0101X040101,0101X040101,Shelf X,10
Shelf X,1,0101X040102,0101X040102,0101X040102,Shelf X,10
Shelf X,1,0101X040103,0101X040103,0101X040103,Shelf X,10
Shelf X,1,0101X040201,0101X040201,0101X040201,Shelf X,10
Shelf X,1,0101X040202,0101X040202,0101X040202,Shelf X,10
Shelf X,1,0101X040203,0101X040203,0101X040203,Shelf X,10
Shelf X,1,0101X050101,0101X050101,0101X050101,Shelf X,10
Shelf X,1,0101X050102,0101X050102,0101X050102,Shelf X,10
Shelf X,1,0101X050103,0101X050103,0101X050103,Shelf X,10
Shelf X,1,0101X050201,0101X050201,0101X050201,Shelf X,10
Shelf X,1,0101X050202,0101X050202,0101X050202,Shelf X,10
Shelf X,1,0101X050203,0101X050203,0101X050203,Shelf X,10
Shelf X,1,0101X060101,0101X060101,0101X060101,Shelf X,10
Shelf X,1,0101X060102,0101X060102,0101X060102,Shelf X,10
Shelf X,1,0101X060103,0101X060103,0101X060103,Shelf X,10
Shelf X,1,0101X060201,0101X060201,0101X060201,Shelf X,10
Shelf X,1,0101X060202,0101X060202,0101X060202,Shelf X,10
Shelf X,1,0101X060203,0101X060203,0101X060203,Shelf X,10
Shelf X,1,0101X070101,0101X070101,0101X070101,Shelf X,10
Shelf X,1,0101X070102,0101X070102,0101X070102,Shelf X,10
Shelf X,1,0101X070103,0101X070103,0101X070103,Shelf X,10
Shelf X,1,0101X070201,0101X070201,0101X070201,Shelf X,10
Shelf X,1,0101X070202,0101X070202,0101X070202,Shelf X,10
Shelf X,1,0101X070203,0101X070203,0101X070203,Shelf X,10
Shelf X,1,0101X080101,0101X080101,0101X080101,Shelf X,10
Shelf X,1,0101X080102,0101X080102,0101X080102,Shelf X,10
Shelf X,1,0101X080103,0101X080103,0101X080103,Shelf X,10
Shelf X,1,0101X080201,0101X080201,0101X080201,Shelf X,10
Shelf X,1,0101X080202,0101X080202,0101X080202,Shelf X,10
Shelf X,1,0101X080203,0101X080203,0101X080203,Shelf X,10
Shelf Y,1,0101Y010101,0101Y010101,0101Y010101,Shelf Y,10
Shelf Y,1,0101Y010102,0101Y010102,0101Y010102,Shelf Y,10
Shelf Y,1,0101Y010103,0101Y010103,0101Y010103,Shelf Y,10
Shelf Y,1,0101Y010201,0101Y010201,0101Y010201,Shelf Y,10
Shelf Y,1,0101Y010202,0101Y010202,0101Y010202,Shelf Y,10
Shelf Y,1,0101Y010203,0101Y010203,0101Y010203,Shelf Y,10
Shelf Y,1,0101Y020101,0101Y020101,0101Y020101,Shelf Y,10
Shelf Y,1,0101Y020102,0101Y020102,0101Y020102,Shelf Y,10
Shelf Y,1,0101Y020103,0101Y020103,0101Y020103,Shelf Y,10
Shelf Y,1,0101Y020201,0101Y020201,0101Y020201,Shelf Y,10
Shelf Y,1,0101Y020202,0101Y020202,0101Y020202,Shelf Y,10
Shelf Y,1,0101Y020203,0101Y020203,0101Y020203,Shelf Y,10
Shelf Y,1,0101Y030101,0101Y030101,0101Y030101,Shelf Y,10
Shelf Y,1,0101Y030102,0101Y030102,0101Y030102,Shelf Y,10
Shelf Y,1,0101Y030103,0101Y030103,0101Y030103,Shelf Y,10
Shelf Y,1,0101Y030201,0101Y030201,0101Y030201,Shelf Y,10
Shelf Y,1,0101Y030202,0101Y030202,0101Y030202,Shelf Y,10
Shelf Y,1,0101Y030203,0101Y030203,0101Y030203,Shelf Y,10
Shelf Y,1,0101Y040101,0101Y040101,0101Y040101,Shelf Y,10
Shelf Y,1,0101Y040102,0101Y040102,0101Y040102,Shelf Y,10
Shelf Y,1,0101Y040103,0101Y040103,0101Y040103,Shelf Y,10
Shelf Y,1,0101Y040201,0101Y040201,0101Y040201,Shelf Y,10
Shelf Y,1,0101Y040202,0101Y040202,0101Y040202,Shelf Y,10
Shelf Y,1,0101Y040203,0101Y040203,0101Y040203,Shelf Y,10
Shelf Y,1,0101Y050101,0101Y050101,0101Y050101,Shelf Y,10
Shelf Y,1,0101Y050102,0101Y050102,0101Y050102,Shelf Y,10
Shelf Y,1,0101Y050103,0101Y050103,0101Y050103,Shelf Y,10
Shelf Y,1,0101Y050201,0101Y050201,0101Y050201,Shelf Y,10
Shelf Y,1,0101Y050202,0101Y050202,0101Y050202,Shelf Y,10
Shelf Y,1,0101Y050203,0101Y050203,0101Y050203,Shelf Y,10
Shelf Y,1,0101Y060101,0101Y060101,0101Y060101,Shelf Y,10
Shelf Y,1,0101Y060102,0101Y060102,0101Y060102,Shelf Y,10
Shelf Y,1,0101Y060103,0101Y060103,0101Y060103,Shelf Y,10
Shelf Y,1,0101Y060201,0101Y060201,0101Y060201,Shelf Y,10
Shelf Y,1,0101Y060202,0101Y060202,0101Y060202,Shelf Y,10
Shelf Y,1,0101Y060203,0101Y060203,0101Y060203,Shelf Y,10
Shelf Y,1,0101Y070101,0101Y070101,0101Y070101,Shelf Y,10
Shelf Y,1,0101Y070102,0101Y070102,0101Y070102,Shelf Y,10
Shelf Y,1,0101Y070103,0101Y070103,0101Y070103,Shelf Y,10
Shelf Y,1,0101Y070201,0101Y070201,0101Y070201,Shelf Y,10
Shelf Y,1,0101Y070202,0101Y070202,0101Y070202,Shelf Y,10
Shelf Y,1,0101Y070203,0101Y070203,0101Y070203,Shelf Y,10
Shelf Y,1,0101Y080101,0101Y080101,0101Y080101,Shelf Y,10
Shelf Y,1,0101Y080102,0101Y080102,0101Y080102,Shelf Y,10
Shelf Y,1,0101Y080103,0101Y080103,0101Y080103,Shelf Y,10
Shelf Y,1,0101Y080201,0101Y080201,0101Y080201,Shelf Y,10
Shelf Y,1,0101Y080202,0101Y080202,0101Y080202,Shelf Y,10
Shelf Y,1,0101Y080203,0101Y080203,0101Y080203,Shelf Y,10
Shelf Z,1,0101Z010101,0101Z010101,0101Z010101,Shelf Z,10
Shelf Z,1,0101Z010102,0101Z010102,0101Z010102,Shelf Z,10
Shelf Z,1,0101Z010103,0101Z010103,0101Z010103,Shelf Z,10
Shelf Z,1,0101Z010201,0101Z010201,0101Z010201,Shelf Z,10
Shelf Z,1,0101Z010202,0101Z010202,0101Z010202,Shelf Z,10
Shelf Z,1,0101Z010203,0101Z010203,0101Z010203,Shelf Z,10
Shelf Z,1,0101Z020101,0101Z020101,0101Z020101,Shelf Z,10
Shelf Z,1,0101Z020102,0101Z020102,0101Z020102,Shelf Z,10
Shelf Z,1,0101Z020103,0101Z020103,0101Z020103,Shelf Z,10
Shelf Z,1,0101Z020201,0101Z020201,0101Z020201,Shelf Z,10
Shelf Z,1,0101Z020202,0101Z020202,0101Z020202,Shelf Z,10
Shelf Z,1,0101Z020203,0101Z020203,0101Z020203,Shelf Z,10
Shelf Z,1,0101Z030101,0101Z030101,0101Z030101,Shelf Z,10
Shelf Z,1,0101Z030102,0101Z030102,0101Z030102,Shelf Z,10
Shelf Z,1,0101Z030103,0101Z030103,0101Z030103,Shelf Z,10
Shelf Z,1,0101Z030201,0101Z030201,0101Z030201,Shelf Z,10
Shelf Z,1,0101Z030202,0101Z030202,0101Z030202,Shelf Z,10
Shelf Z,1,0101Z030203,0101Z030203,0101Z030203,Shelf Z,10
Shelf Z,1,0101Z040101,0101Z040101,0101Z040101,Shelf Z,10
Shelf Z,1,0101Z040102,0101Z040102,0101Z040102,Shelf Z,10
Shelf Z,1,0101Z040103,0101Z040103,0101Z040103,Shelf Z,10
Shelf Z,1,0101Z040201,0101Z040201,0101Z040201,Shelf Z,10
Shelf Z,1,0101Z040202,0101Z040202,0101Z040202,Shelf Z,10
Shelf Z,1,0101Z040203,0101Z040203,0101Z040203,Shelf Z,10
Shelf Z,1,0101Z050101,0101Z050101,0101Z050101,Shelf Z,10
Shelf Z,1,0101Z050102,0101Z050102,0101Z050102,Shelf Z,10
Shelf Z,1,0101Z050103,0101Z050103,0101Z050103,Shelf Z,10
Shelf Z,1,0101Z050201,0101Z050201,0101Z050201,Shelf Z,10
Shelf Z,1,0101Z050202,0101Z050202,0101Z050202,Shelf Z,10
Shelf Z,1,0101Z050203,0101Z050203,0101Z050203,Shelf Z,10
Shelf Z,1,0101Z060101,0101Z060101,0101Z060101,Shelf Z,10
Shelf Z,1,0101Z060102,0101Z060102,0101Z060102,Shelf Z,10
Shelf Z,1,0101Z060103,0101Z060103,0101Z060103,Shelf Z,10
Shelf Z,1,0101Z060201,0101Z060201,0101Z060201,Shelf Z,10
Shelf Z,1,0101Z060202,0101Z060202,0101Z060202,Shelf Z,10
Shelf Z,1,0101Z060203,0101Z060203,0101Z060203,Shelf Z,10
Shelf Z,1,0101Z070101,0101Z070101,0101Z070101,Shelf Z,10
Shelf Z,1,0101Z070102,0101Z070102,0101Z070102,Shelf Z,10
Shelf Z,1,0101Z070103,0101Z070103,0101Z070103,Shelf Z,10
Shelf Z,1,0101Z070201,0101Z070201,0101Z070201,Shelf Z,10
Shelf Z,1,0101Z070202,0101Z070202,0101Z070202,Shelf Z,10
Shelf Z,1,0101Z070203,0101Z070203,0101Z070203,Shelf Z,10
Shelf Z,1,0101Z080101,0101Z080101,0101Z080101,Shelf Z,10
Shelf Z,1,0101Z080102,0101Z080102,0101Z080102,Shelf Z,10
Shelf Z,1,0101Z080103,0101Z080103,0101Z080103,Shelf Z,10
Shelf Z,1,0101Z080201,0101Z080201,0101Z080201,Shelf Z,10
Shelf Z,1,0101Z080202,0101Z080202,0101Z080202,Shelf Z,10
Shelf Z,1,0101Z080203,0101Z080203,0101Z080203,Shelf Z,10
Shelf AA,1,0101AA010101,0101AA010101,0101AA010101,Shelf AA,10
Shelf AA,1,0101AA010102,0101AA010102,0101AA010102,Shelf AA,10
Shelf AA,1,0101AA010103,0101AA010103,0101AA010103,Shelf AA,10
Shelf AA,1,0101AA010201,0101AA010201,0101AA010201,Shelf AA,10
Shelf AA,1,0101AA010202,0101AA010202,0101AA010202,Shelf AA,10
Shelf AA,1,0101AA010203,0101AA010203,0101AA010203,Shelf AA,10
Shelf AA,1,0101AA020101,0101AA020101,0101AA020101,Shelf AA,10
Shelf AA,1,0101AA020102,0101AA020102,0101AA020102,Shelf AA,10
Shelf AA,1,0101AA020103,0101AA020103,0101AA020103,Shelf AA,10
Shelf AA,1,0101AA020201,0101AA020201,0101AA020201,Shelf AA,10
Shelf AA,1,0101AA020202,0101AA020202,0101AA020202,Shelf AA,10
Shelf AA,1,0101AA020203,0101AA020203,0101AA020203,Shelf AA,10
Shelf AA,1,0101AA030101,0101AA030101,0101AA030101,Shelf AA,10
Shelf AA,1,0101AA030102,0101AA030102,0101AA030102,Shelf AA,10
Shelf AA,1,0101AA030103,0101AA030103,0101AA030103,Shelf AA,10
Shelf AA,1,0101AA030201,0101AA030201,0101AA030201,Shelf AA,10
Shelf AA,1,0101AA030202,0101AA030202,0101AA030202,Shelf AA,10
Shelf AA,1,0101AA030203,0101AA030203,0101AA030203,Shelf AA,10
Shelf AA,1,0101AA040101,0101AA040101,0101AA040101,Shelf AA,10
Shelf AA,1,0101AA040102,0101AA040102,0101AA040102,Shelf AA,10
Shelf AA,1,0101AA040103,0101AA040103,0101AA040103,Shelf AA,10
Shelf AA,1,0101AA040201,0101AA040201,0101AA040201,Shelf AA,10
Shelf AA,1,0101AA040202,0101AA040202,0101AA040202,Shelf AA,10
Shelf AA,1,0101AA040203,0101AA040203,0101AA040203,Shelf AA,10
Shelf AA,1,0101AA050101,0101AA050101,0101AA050101,Shelf AA,10
Shelf AA,1,0101AA050102,0101AA050102,0101AA050102,Shelf AA,10
Shelf AA,1,0101AA050103,0101AA050103,0101AA050103,Shelf AA,10
Shelf AA,1,0101AA050201,0101AA050201,0101AA050201,Shelf AA,10
Shelf AA,1,0101AA050202,0101AA050202,0101AA050202,Shelf AA,10
Shelf AA,1,0101AA050203,0101AA050203,0101AA050203,Shelf AA,10
Shelf AA,1,0101AA060101,0101AA060101,0101AA060101,Shelf AA,10
Shelf AA,1,0101AA060102,0101AA060102,0101AA060102,Shelf AA,10
Shelf AA,1,0101AA060103,0101AA060103,0101AA060103,Shelf AA,10
Shelf AA,1,0101AA060201,0101AA060201,0101AA060201,Shelf AA,10
Shelf AA,1,0101AA060202,0101AA060202,0101AA060202,Shelf AA,10
Shelf AA,1,0101AA060203,0101AA060203,0101AA060203,Shelf AA,10
Shelf AA,1,0101AA070101,0101AA070101,0101AA070101,Shelf AA,10
Shelf AA,1,0101AA070102,0101AA070102,0101AA070102,Shelf AA,10
Shelf AA,1,0101AA070103,0101AA070103,0101AA070103,Shelf AA,10
Shelf AA,1,0101AA070201,0101AA070201,0101AA070201,Shelf AA,10
Shelf AA,1,0101AA070202,0101AA070202,0101AA070202,Shelf AA,10
Shelf AA,1,0101AA070203,0101AA070203,0101AA070203,Shelf AA,10
Shelf AA,1,0101AA080101,0101AA080101,0101AA080101,Shelf AA,10
Shelf AA,1,0101AA080102,0101AA080102,0101AA080102,Shelf AA,10
Shelf AA,1,0101AA080103,0101AA080103,0101AA080103,Shelf AA,10
Shelf AA,1,0101AA080201,0101AA080201,0101AA080201,Shelf AA,10
Shelf AA,1,0101AA080202,0101AA080202,0101AA080202,Shelf AA,10
Shelf AA,1,0101AA080203,0101AA080203,0101AA080203,Shelf AA,10
Shelf AB,1,0101AB010101,0101AB010101,0101AB010101,Shelf AB,10
Shelf AB,1,0101AB010102,0101AB010102,0101AB010102,Shelf AB,10
Shelf AB,1,0101AB010103,0101AB010103,0101AB010103,Shelf AB,10
Shelf AB,1,0101AB010201,0101AB010201,0101AB010201,Shelf AB,10
Shelf AB,1,0101AB010202,0101AB010202,0101AB010202,Shelf AB,10
Shelf AB,1,0101AB010203,0101AB010203,0101AB010203,Shelf AB,10
Shelf AB,1,0101AB020101,0101AB020101,0101AB020101,Shelf AB,10
Shelf AB,1,0101AB020102,0101AB020102,0101AB020102,Shelf AB,10
Shelf AB,1,0101AB020103,0101AB020103,0101AB020103,Shelf AB,10
Shelf AB,1,0101AB020201,0101AB020201,0101AB020201,Shelf AB,10
Shelf AB,1,0101AB020202,0101AB020202,0101AB020202,Shelf AB,10
Shelf AB,1,0101AB020203,0101AB020203,0101AB020203,Shelf AB,10
Shelf AB,1,0101AB030101,0101AB030101,0101AB030101,Shelf AB,10
Shelf AB,1,0101AB030102,0101AB030102,0101AB030102,Shelf AB,10
Shelf AB,1,0101AB030103,0101AB030103,0101AB030103,Shelf AB,10
Shelf AB,1,0101AB030201,0101AB030201,0101AB030201,Shelf AB,10
Shelf AB,1,0101AB030202,0101AB030202,0101AB030202,Shelf AB,10
Shelf AB,1,0101AB030203,0101AB030203,0101AB030203,Shelf AB,10
Shelf AB,1,0101AB040101,0101AB040101,0101AB040101,Shelf AB,10
Shelf AB,1,0101AB040102,0101AB040102,0101AB040102,Shelf AB,10
Shelf AB,1,0101AB040103,0101AB040103,0101AB040103,Shelf AB,10
Shelf AB,1,0101AB040201,0101AB040201,0101AB040201,Shelf AB,10
Shelf AB,1,0101AB040202,0101AB040202,0101AB040202,Shelf AB,10
Shelf AB,1,0101AB040203,0101AB040203,0101AB040203,Shelf AB,10
Shelf AB,1,0101AB050101,0101AB050101,0101AB050101,Shelf AB,10
Shelf AB,1,0101AB050102,0101AB050102,0101AB050102,Shelf AB,10
Shelf AB,1,0101AB050103,0101AB050103,0101AB050103,Shelf AB,10
Shelf AB,1,0101AB050201,0101AB050201,0101AB050201,Shelf AB,10
Shelf AB,1,0101AB050202,0101AB050202,0101AB050202,Shelf AB,10
Shelf AB,1,0101AB050203,0101AB050203,0101AB050203,Shelf AB,10
Shelf AB,1,0101AB060101,0101AB060101,0101AB060101,Shelf AB,10
Shelf AB,1,0101AB060102,0101AB060102,0101AB060102,Shelf AB,10
Shelf AB,1,0101AB060103,0101AB060103,0101AB060103,Shelf AB,10
Shelf AB,1,0101AB060201,0101AB060201,0101AB060201,Shelf AB,10
Shelf AB,1,0101AB060202,0101AB060202,0101AB060202,Shelf AB,10
Shelf AB,1,0101AB060203,0101AB060203,0101AB060203,Shelf AB,10
Shelf AB,1,0101AB070101,0101AB070101,0101AB070101,Shelf AB,10
Shelf AB,1,0101AB070102,0101AB070102,0101AB070102,Shelf AB,10
Shelf AB,1,0101AB070103,0101AB070103,0101AB070103,Shelf AB,10
Shelf AB,1,0101AB070201,0101AB070201,0101AB070201,Shelf AB,10
Shelf AB,1,0101AB070202,0101AB070202,0101AB070202,Shelf AB,10
Shelf AB,1,0101AB070203,0101AB070203,0101AB070203,Shelf AB,10
Shelf AB,1,0101AB080101,0101AB080101,0101AB080101,Shelf AB,10
Shelf AB,1,0101AB080102,0101AB080102,0101AB080102,Shelf AB,10
Shelf AB,1,0101AB080103,0101AB080103,0101AB080103,Shelf AB,10
Shelf AB,1,0101AB080201,0101AB080201,0101AB080201,Shelf AB,10
Shelf AB,1,0101AB080202,0101AB080202,0101AB080202,Shelf AB,10
Shelf AB,1,0101AB080203,0101AB080203,0101AB080203,Shelf AB,10
Shelf AC,1,0101AC010101,0101AC010101,0101AC010101,Shelf AC,10
Shelf AC,1,0101AC010102,0101AC010102,0101AC010102,Shelf AC,10
Shelf AC,1,0101AC010103,0101AC010103,0101AC010103,Shelf AC,10
Shelf AC,1,0101AC010201,0101AC010201,0101AC010201,Shelf AC,10
Shelf AC,1,0101AC010202,0101AC010202,0101AC010202,Shelf AC,10
Shelf AC,1,0101AC010203,0101AC010203,0101AC010203,Shelf AC,10
Shelf AC,1,0101AC020101,0101AC020101,0101AC020101,Shelf AC,10
Shelf AC,1,0101AC020102,0101AC020102,0101AC020102,Shelf AC,10
Shelf AC,1,0101AC020103,0101AC020103,0101AC020103,Shelf AC,10
Shelf AC,1,0101AC020201,0101AC020201,0101AC020201,Shelf AC,10
Shelf AC,1,0101AC020202,0101AC020202,0101AC020202,Shelf AC,10
Shelf AC,1,0101AC020203,0101AC020203,0101AC020203,Shelf AC,10
Shelf AC,1,0101AC030101,0101AC030101,0101AC030101,Shelf AC,10
Shelf AC,1,0101AC030102,0101AC030102,0101AC030102,Shelf AC,10
Shelf AC,1,0101AC030103,0101AC030103,0101AC030103,Shelf AC,10
Shelf AC,1,0101AC030201,0101AC030201,0101AC030201,Shelf AC,10
Shelf AC,1,0101AC030202,0101AC030202,0101AC030202,Shelf AC,10
Shelf AC,1,0101AC030203,0101AC030203,0101AC030203,Shelf AC,10
Shelf AC,1,0101AC040101,0101AC040101,0101AC040101,Shelf AC,10
Shelf AC,1,0101AC040102,0101AC040102,0101AC040102,Shelf AC,10
Shelf AC,1,0101AC040103,0101AC040103,0101AC040103,Shelf AC,10
Shelf AC,1,0101AC040201,0101AC040201,0101AC040201,Shelf AC,10
Shelf AC,1,0101AC040202,0101AC040202,0101AC040202,Shelf AC,10
Shelf AC,1,0101AC040203,0101AC040203,0101AC040203,Shelf AC,10
Shelf AC,1,0101AC050101,0101AC050101,0101AC050101,Shelf AC,10
Shelf AC,1,0101AC050102,0101AC050102,0101AC050102,Shelf AC,10
Shelf AC,1,0101AC050103,0101AC050103,0101AC050103,Shelf AC,10
Shelf AC,1,0101AC050201,0101AC050201,0101AC050201,Shelf AC,10
Shelf AC,1,0101AC050202,0101AC050202,0101AC050202,Shelf AC,10
Shelf AC,1,0101AC050203,0101AC050203,0101AC050203,Shelf AC,10
Shelf AC,1,0101AC060101,0101AC060101,0101AC060101,Shelf AC,10
Shelf AC,1,0101AC060102,0101AC060102,0101AC060102,Shelf AC,10
Shelf AC,1,0101AC060103,0101AC060103,0101AC060103,Shelf AC,10
Shelf AC,1,0101AC060201,0101AC060201,0101AC060201,Shelf AC,10
Shelf AC,1,0101AC060202,0101AC060202,0101AC060202,Shelf AC,10
Shelf AC,1,0101AC060203,0101AC060203,0101AC060203,Shelf AC,10
Shelf AC,1,0101AC070101,0101AC070101,0101AC070101,Shelf AC,10
Shelf AC,1,0101AC070102,0101AC070102,0101AC070102,Shelf AC,10
Shelf AC,1,0101AC070103,0101AC070103,0101AC070103,Shelf AC,10
Shelf AC,1,0101AC070201,0101AC070201,0101AC070201,Shelf AC,10
Shelf AC,1,0101AC070202,0101AC070202,0101AC070202,Shelf AC,10
Shelf AC,1,0101AC070203,0101AC070203,0101AC070203,Shelf AC,10
Shelf AC,1,0101AC080101,0101AC080101,0101AC080101,Shelf AC,10
Shelf AC,1,0101AC080102,0101AC080102,0101AC080102,Shelf AC,10
Shelf AC,1,0101AC080103,0101AC080103,0101AC080103,Shelf AC,10
Shelf AC,1,0101AC080201,0101AC080201,0101AC080201,Shelf AC,10
Shelf AC,1,0101AC080202,0101AC080202,0101AC080202,Shelf AC,10
Shelf AC,1,0101AC080203,0101AC080203,0101AC080203,Shelf AC,10
Shelf AD,1,0101AD010101,0101AD010101,0101AD010101,Shelf AD,10
Shelf AD,1,0101AD010102,0101AD010102,0101AD010102,Shelf AD,10
Shelf AD,1,0101AD010103,0101AD010103,0101AD010103,Shelf AD,10
Shelf AD,1,0101AD010201,0101AD010201,0101AD010201,Shelf AD,10
Shelf AD,1,0101AD010202,0101AD010202,0101AD010202,Shelf AD,10
Shelf AD,1,0101AD010203,0101AD010203,0101AD010203,Shelf AD,10
Shelf AD,1,0101AD020101,0101AD020101,0101AD020101,Shelf AD,10
Shelf AD,1,0101AD020102,0101AD020102,0101AD020102,Shelf AD,10
Shelf AD,1,0101AD020103,0101AD020103,0101AD020103,Shelf AD,10
Shelf AD,1,0101AD020201,0101AD020201,0101AD020201,Shelf AD,10
Shelf AD,1,0101AD020202,0101AD020202,0101AD020202,Shelf AD,10
Shelf AD,1,0101AD020203,0101AD020203,0101AD020203,Shelf AD,10
Shelf AD,1,0101AD030101,0101AD030101,0101AD030101,Shelf AD,10
Shelf AD,1,0101AD030102,0101AD030102,0101AD030102,Shelf AD,10
Shelf AD,1,0101AD030103,0101AD030103,0101AD030103,Shelf AD,10
Shelf AD,1,0101AD030201,0101AD030201,0101AD030201,Shelf AD,10
Shelf AD,1,0101AD030202,0101AD030202,0101AD030202,Shelf AD,10
Shelf AD,1,0101AD030203,0101AD030203,0101AD030203,Shelf AD,10
Shelf AD,1,0101AD040101,0101AD040101,0101AD040101,Shelf AD,10
Shelf AD,1,0101AD040102,0101AD040102,0101AD040102,Shelf AD,10
Shelf AD,1,0101AD040103,0101AD040103,0101AD040103,Shelf AD,10
Shelf AD,1,0101AD040201,0101AD040201,0101AD040201,Shelf AD,10
Shelf AD,1,0101AD040202,0101AD040202,0101AD040202,Shelf AD,10
Shelf AD,1,0101AD040203,0101AD040203,0101AD040203,Shelf AD,10
Shelf AD,1,0101AD050101,0101AD050101,0101AD050101,Shelf AD,10
Shelf AD,1,0101AD050102,0101AD050102,0101AD050102,Shelf AD,10
Shelf AD,1,0101AD050103,0101AD050103,0101AD050103,Shelf AD,10
Shelf AD,1,0101AD050201,0101AD050201,0101AD050201,Shelf AD,10
Shelf AD,1,0101AD050202,0101AD050202,0101AD050202,Shelf AD,10
Shelf AD,1,0101AD050203,0101AD050203,0101AD050203,Shelf AD,10
Shelf AD,1,0101AD060101,0101AD060101,0101AD060101,Shelf AD,10
Shelf AD,1,0101AD060102,0101AD060102,0101AD060102,Shelf AD,10
Shelf AD,1,0101AD060103,0101AD060103,0101AD060103,Shelf AD,10
Shelf AD,1,0101AD060201,0101AD060201,0101AD060201,Shelf AD,10
Shelf AD,1,0101AD060202,0101AD060202,0101AD060202,Shelf AD,10
Shelf AD,1,0101AD060203,0101AD060203,0101AD060203,Shelf AD,10
Shelf AD,1,0101AD070101,0101AD070101,0101AD070101,Shelf AD,10
Shelf AD,1,0101AD070102,0101AD070102,0101AD070102,Shelf AD,10
Shelf AD,1,0101AD070103,0101AD070103,0101AD070103,Shelf AD,10
Shelf AD,1,0101AD070201,0101AD070201,0101AD070201,Shelf AD,10
Shelf AD,1,0101AD070202,0101AD070202,0101AD070202,Shelf AD,10
Shelf AD,1,0101AD070203,0101AD070203,0101AD070203,Shelf AD,10
Shelf AD,1,0101AD080101,0101AD080101,0101AD080101,Shelf AD,10
Shelf AD,1,0101AD080102,0101AD080102,0101AD080102,Shelf AD,10
Shelf AD,1,0101AD080103,0101AD080103,0101AD080103,Shelf AD,10
Shelf AD,1,0101AD080201,0101AD080201,0101AD080201,Shelf AD,10
Shelf AD,1,0101AD080202,0101AD080202,0101AD080202,Shelf AD,10
Shelf AD,1,0101AD080203,0101AD080203,0101AD080203,Shelf AD,10
Shelf AE,1,0101AE010101,0101AE010101,0101AE010101,Shelf AE,10
Shelf AE,1,0101AE010102,0101AE010102,0101AE010102,Shelf AE,10
Shelf AE,1,0101AE010103,0101AE010103,0101AE010103,Shelf AE,10
Shelf AE,1,0101AE010201,0101AE010201,0101AE010201,Shelf AE,10
Shelf AE,1,0101AE010202,0101AE010202,0101AE010202,Shelf AE,10
Shelf AE,1,0101AE010203,0101AE010203,0101AE010203,Shelf AE,10
Shelf AE,1,0101AE020101,0101AE020101,0101AE020101,Shelf AE,10
Shelf AE,1,0101AE020102,0101AE020102,0101AE020102,Shelf AE,10
Shelf AE,1,0101AE020103,0101AE020103,0101AE020103,Shelf AE,10
Shelf AE,1,0101AE020201,0101AE020201,0101AE020201,Shelf AE,10
Shelf AE,1,0101AE020202,0101AE020202,0101AE020202,Shelf AE,10
Shelf AE,1,0101AE020203,0101AE020203,0101AE020203,Shelf AE,10
Shelf AE,1,0101AE030101,0101AE030101,0101AE030101,Shelf AE,10
Shelf AE,1,0101AE030102,0101AE030102,0101AE030102,Shelf AE,10
Shelf AE,1,0101AE030103,0101AE030103,0101AE030103,Shelf AE,10
Shelf AE,1,0101AE030201,0101AE030201,0101AE030201,Shelf AE,10
Shelf AE,1,0101AE030202,0101AE030202,0101AE030202,Shelf AE,10
Shelf AE,1,0101AE030203,0101AE030203,0101AE030203,Shelf AE,10
Shelf AE,1,0101AE040101,0101AE040101,0101AE040101,Shelf AE,10
Shelf AE,1,0101AE040102,0101AE040102,0101AE040102,Shelf AE,10
Shelf AE,1,0101AE040103,0101AE040103,0101AE040103,Shelf AE,10
Shelf AE,1,0101AE040201,0101AE040201,0101AE040201,Shelf AE,10
Shelf AE,1,0101AE040202,0101AE040202,0101AE040202,Shelf AE,10
Shelf AE,1,0101AE040203,0101AE040203,0101AE040203,Shelf AE,10
Shelf AE,1,0101AE050101,0101AE050101,0101AE050101,Shelf AE,10
Shelf AE,1,0101AE050102,0101AE050102,0101AE050102,Shelf AE,10
Shelf AE,1,0101AE050103,0101AE050103,0101AE050103,Shelf AE,10
Shelf AE,1,0101AE050201,0101AE050201,0101AE050201,Shelf AE,10
Shelf AE,1,0101AE050202,0101AE050202,0101AE050202,Shelf AE,10
Shelf AE,1,0101AE050203,0101AE050203,0101AE050203,Shelf AE,10
Shelf AE,1,0101AE060101,0101AE060101,0101AE060101,Shelf AE,10
Shelf AE,1,0101AE060102,0101AE060102,0101AE060102,Shelf AE,10
Shelf AE,1,0101AE060103,0101AE060103,0101AE060103,Shelf AE,10
Shelf AE,1,0101AE060201,0101AE060201,0101AE060201,Shelf AE,10
Shelf AE,1,0101AE060202,0101AE060202,0101AE060202,Shelf AE,10
Shelf AE,1,0101AE060203,0101AE060203,0101AE060203,Shelf AE,10
Shelf AE,1,0101AE070101,0101AE070101,0101AE070101,Shelf AE,10
Shelf AE,1,0101AE070102,0101AE070102,0101AE070102,Shelf AE,10
Shelf AE,1,0101AE070103,0101AE070103,0101AE070103,Shelf AE,10
Shelf AE,1,0101AE070201,0101AE070201,0101AE070201,Shelf AE,10
Shelf AE,1,0101AE070202,0101AE070202,0101AE070202,Shelf AE,10
Shelf AE,1,0101AE070203,0101AE070203,0101AE070203,Shelf AE,10
Shelf AE,1,0101AE080101,0101AE080101,0101AE080101,Shelf AE,10
Shelf AE,1,0101AE080102,0101AE080102,0101AE080102,Shelf AE,10
Shelf AE,1,0101AE080103,0101AE080103,0101AE080103,Shelf AE,10
Shelf AE,1,0101AE080201,0101AE080201,0101AE080201,Shelf AE,10
Shelf AE,1,0101AE080202,0101AE080202,0101AE080202,Shelf AE,10
Shelf AE,1,0101AE080203,0101AE080203,0101AE080203,Shelf AE,10
Shelf AF,1,0101AF010101,0101AF010101,0101AF010101,Shelf AF,10
Shelf AF,1,0101AF010102,0101AF010102,0101AF010102,Shelf AF,10
Shelf AF,1,0101AF010103,0101AF010103,0101AF010103,Shelf AF,10
Shelf AF,1,0101AF010201,0101AF010201,0101AF010201,Shelf AF,10
Shelf AF,1,0101AF010202,0101AF010202,0101AF010202,Shelf AF,10
Shelf AF,1,0101AF010203,0101AF010203,0101AF010203,Shelf AF,10
Shelf AF,1,0101AF020101,0101AF020101,0101AF020101,Shelf AF,10
Shelf AF,1,0101AF020102,0101AF020102,0101AF020102,Shelf AF,10
Shelf AF,1,0101AF020103,0101AF020103,0101AF020103,Shelf AF,10
Shelf AF,1,0101AF020201,0101AF020201,0101AF020201,Shelf AF,10
Shelf AF,1,0101AF020202,0101AF020202,0101AF020202,Shelf AF,10
Shelf AF,1,0101AF020203,0101AF020203,0101AF020203,Shelf AF,10
Shelf AF,1,0101AF030101,0101AF030101,0101AF030101,Shelf AF,10
Shelf AF,1,0101AF030102,0101AF030102,0101AF030102,Shelf AF,10
Shelf AF,1,0101AF030103,0101AF030103,0101AF030103,Shelf AF,10
Shelf AF,1,0101AF030201,0101AF030201,0101AF030201,Shelf AF,10
Shelf AF,1,0101AF030202,0101AF030202,0101AF030202,Shelf AF,10
Shelf AF,1,0101AF030203,0101AF030203,0101AF030203,Shelf AF,10
Shelf AF,1,0101AF040101,0101AF040101,0101AF040101,Shelf AF,10
Shelf AF,1,0101AF040102,0101AF040102,0101AF040102,Shelf AF,10
Shelf AF,1,0101AF040103,0101AF040103,0101AF040103,Shelf AF,10
Shelf AF,1,0101AF040201,0101AF040201,0101AF040201,Shelf AF,10
Shelf AF,1,0101AF040202,0101AF040202,0101AF040202,Shelf AF,10
Shelf AF,1,0101AF040203,0101AF040203,0101AF040203,Shelf AF,10
Shelf AF,1,0101AF050101,0101AF050101,0101AF050101,Shelf AF,10
Shelf AF,1,0101AF050102,0101AF050102,0101AF050102,Shelf AF,10
Shelf AF,1,0101AF050103,0101AF050103,0101AF050103,Shelf AF,10
Shelf AF,1,0101AF050201,0101AF050201,0101AF050201,Shelf AF,10
Shelf AF,1,0101AF050202,0101AF050202,0101AF050202,Shelf AF,10
Shelf AF,1,0101AF050203,0101AF050203,0101AF050203,Shelf AF,10
Shelf AF,1,0101AF060101,0101AF060101,0101AF060101,Shelf AF,10
Shelf AF,1,0101AF060102,0101AF060102,0101AF060102,Shelf AF,10
Shelf AF,1,0101AF060103,0101AF060103,0101AF060103,Shelf AF,10
Shelf AF,1,0101AF060201,0101AF060201,0101AF060201,Shelf AF,10
Shelf AF,1,0101AF060202,0101AF060202,0101AF060202,Shelf AF,10
Shelf AF,1,0101AF060203,0101AF060203,0101AF060203,Shelf AF,10
Shelf AF,1,0101AF070101,0101AF070101,0101AF070101,Shelf AF,10
Shelf AF,1,0101AF070102,0101AF070102,0101AF070102,Shelf AF,10
Shelf AF,1,0101AF070103,0101AF070103,0101AF070103,Shelf AF,10
Shelf AF,1,0101AF070201,0101AF070201,0101AF070201,Shelf AF,10
Shelf AF,1,0101AF070202,0101AF070202,0101AF070202,Shelf AF,10
Shelf AF,1,0101AF070203,0101AF070203,0101AF070203,Shelf AF,10
Shelf AF,1,0101AF080101,0101AF080101,0101AF080101,Shelf AF,10
Shelf AF,1,0101AF080102,0101AF080102,0101AF080102,Shelf AF,10
Shelf AF,1,0101AF080103,0101AF080103,0101AF080103,Shelf AF,10
Shelf AF,1,0101AF080201,0101AF080201,0101AF080201,Shelf AF,10
Shelf AF,1,0101AF080202,0101AF080202,0101AF080202,Shelf AF,10
Shelf AF,1,0101AF080203,0101AF080203,0101AF080203,Shelf AF,10
